3;HOSPEDAJE CASA ARANA;KR 66 12 06;KR 66 12 06;VAL DIR;4.63447777834939;-74.1179725099466;VAL COORD
6;HOTEL CANDILEJAS;CL 68 17 28;CL 68 17 28;VAL DIR;4.65658722757506;-74.0658517480742;VAL COORD
10;HOTEL BOYAC� LA 24;KR 24 68 35;KR 24 68 35;VAL DIR;4.6593627448831;-74.0695938830706;VAL COORD
11;APARTAHOTEL LAGOS DEL NORTE;KR 23 67 20;KR 23 67 20;VAL DIR;4.657987005937423;-74.06911189521988;VAL COORD
13;HOSTAL MONSERRAT;KR 24 82 43;KR 24 82 43;VAL DIR;4.67069742332848;-74.0633975297175;VAL COORD
14;ALPES BOGOT� HOSTAL;KR 48 93 64;KR 48 93 64;VAL DIR;4.681372281070212;-74.06113089639628;VAL COORD
22;HOTEL LORD;CL 63 14 62;CL 63 14 62;VAL DIR;4.64981819246039;-74.065206085126;VAL COORD
23;SUITE B�SICAS INN - SUITES EJECUTIVAS ECON�MICAS;CL 63 D 22 44;CL 63 D 22 44;VAL DIR;4.654480149747065;-74.07097197494518;VAL COORD
24;SUITTES INN TUR�STICAS CALLE 63;CL 63 28 62;CL 63 28 62;VAL DIR;4.6518749978464;-74.0763201934868;VAL COORD
25;APARTAMENTOS CEDROS 63 INN  - APARTAMENTO LOS CEDROS;CL 63 C 21 46;CL 63 C 21 46;VAL DIR;4.65335012133212;-74.0704683153161;VAL COORD
26;SUITES INN ECON�MICAS CALLE 63;CL 63 B 21 30;CL 63 B 21 30;VAL DIR;4.652739299310188;-74.07049260936982;VAL COORD
27;HOTEL 63 INN EJECUTIVO;CL 63 D 21 26;CL 63 D 21 26;VAL DIR;4.654376502132642;-74.07015907539561;VAL COORD
31;HOTEL SAN JOS� BAVARIA 1;CL 12 71 D 60;CL 12 71 D 60;VAL DIR;4.64329479301736;-74.1306184739836;VAL COORD
41;HOTEL BOGOT� ROYAL;KR 8 A 99 55;KR 8 A 99 55;VAL DIR;4.68056998573057;-74.040405516164;VAL COORD
43;RADISSON ROYAL BOGOT� HOTEL;CL 113 7 65;CL 113 7 65;VAL DIR;4.69101793979188;-74.0347921050786;VAL COORD
44;HOTEL CHARLESTON BOGOT�;KR 13 85 46;KR 13 85 46;VAL DIR;4.66947094362406;-74.0534685261951;VAL COORD
47;HOTEL CASONA DEL PATIO;KR 8 69 24;KR 8 69 24;VAL DIR;4.652471634025966;-74.0582956583661;VAL COORD
48;HOTEL BOGOT� REGENCY (REGENCY SUITES);KR 7 127 21;KR 7 127 21;VAL DIR;4.70246888606464;-74.0288146123633;VAL COORD
49;HOTEL EGINA;KR 14 A 119 16;KR 14 A 119 16;VAL DIR;4.6988956459098;-74.0413432326603;VAL COORD
50;NUEVO HOTEL RINC�N SANTA BARBARA;CL 126 7 A 19;CL 126 7 A 19;VAL DIR;4.7011457061015305;-74.03052975852194;VAL COORD
51;CASABLANCA 121;CL 121 7 A 66;CL 121 7 A 66;VAL DIR;4.69835706734226;-74.03194859224774;VAL COORD
52;HOTEL HILL HOUSE;CL 120 A 6 54;CL 120 A 6 54;VAL DIR;4.697140790604679;-74.0301710618135;VAL COORD
55;SANTAFE BOUTIQUE HOTEL;CL 116 15 64;CL 116 15 64;VAL DIR;4.69671012124275;-74.0436333343878;VAL COORD
56;HOTEL SUITE 114;CL 114 11 A 59;CL 114 11 A 59;VAL DIR;4.69394024841796;-74.0389745373617;VAL COORD
57;HOTEL HACIENDA ROYAL;CL 114 6 02;CL 114 6 02;VAL DIR;4.69183844067362;-74.0318493688115;VAL COORD
58;HOTEL DANN NORTE;KR 15 112 09;KR 15 112 09;VAL DIR;4.69479919701195;-74.0437376424491;VAL COORD
59;APARTAHOTEL CASA DE SI�N;KR 14 B 111 19;KR 14 B 111 19;VAL DIR;4.694033167732246;-74.04314773018412;VAL COORD
61;LANCASTER HOUSE CORPHOTELES;AK 45 106 B 28;AK 45 106 B 28;VAL DIR;4.694991045559143;-74.05524798243341;VAL COORD
62;CASONA REAL HOTEL;CL 106 14 49;CL 106 14 49;VAL DIR;4.689616305557488;-74.04487624821165;VAL COORD
64;HOTEL BALCONES DE MIRANDA  ;KR 8 D 106 78;KR 8 D 106 78;VAL DIR;4.688719033976043;-74.04081518334523;VAL COORD
67;104 ART SUITES;KR 18 A 104 77;KR 18 A 104 77;VAL DIR;4.691099127348652;-74.05055608025344;VAL COORD
68;HOTEL DANN CARLTON BOGOT�;AV 15 103 60;AV 15 103 60;VAL DIR;4.68832445506923;-74.0470266648297;VAL COORD
69;HOTEL LE MANOIR;CL 105 17 A 82;CL 105 17 A 82;VAL DIR;4.691656771391221;-74.05008007182347;VAL COORD
71;CASA RINC�N DEL CHICO INTERNACIONAL;CL 101 13 32;CL 101 13 32;VAL DIR;4.684851425384889;-74.04548891763046;VAL COORD
72;HOTEL SUITE CHICO II HOUSE;CL 101 13 A 23;CL 101 13 A 23;VAL DIR;4.6848120810127405;-74.04621232325334;VAL COORD
73;HOTEL LE MIRAGE;KR 14 A 102 12;KR 14 A 102 12;VAL DIR;4.686990416876632;-74.04654247548798;VAL COORD
74;BOGOT� PLAZA SUMMIT HOTEL;CL 100 18 A 30;CL 100 18 A 30;VAL DIR;4.68612700707915;-74.0517105200311;VAL COORD
75;101 PARK HOUSE;KR 21 101 10;KR 21 101 10;VAL DIR;4.687525941845263;-74.05406045398027;VAL COORD
76;HOTEL ANDES PLAZA;AK 15 100 11;AK 15 100 11;VAL DIR;4.685832056029274;-74.04826373495122;VAL COORD
77;GHL CONFORT HOTEL EL BELVEDERE - INVERSIONES BELVEDERE LTDA;KR 17 A 100 16;KR 17 A 100 16;VAL DIR;4.686097829285935;-74.05019102846056;VAL COORD
80;HOTEL GRAND HOUSE;KR 18 93 97;KR 18 93 97;VAL DIR;4.67901987301168;-74.0540276948619;VAL COORD
82;HOTEL GHL HAMILTON COURT;KR 14 81 20;KR 14 81 20;VAL DIR;4.666827843773477;-74.0557164302568;VAL COORD
84;GHL CONFORT HOTEL LOS HEROES;CL 74 15 60;CL 74 15 60;VAL DIR;4.66140780648812;-74.0607256631403;VAL COORD
85;CASABLANCA 93;CL 93 18 11;CL 93 18 11;VAL DIR;4.677665101775399;-74.05418907161341;VAL COORD
86;HOTEL BOGOT� ROYAL SUITE;CL 53 10 78;CL 53 10 78;VAL DIR;4.6402403828859;-74.0648501615621;VAL COORD
88;HOTEL BH EL RETIRO;CL 80 10 11;CL 80 10 11;VAL DIR;4.663556976953078;-74.05333275137173;VAL COORD
89;HOTEL BH LA QUINTA;KR 5 74 52;KR 5 74 52;VAL DIR;4.65633633111083;-74.0527942857738;VAL COORD
90;CELEBRITIES SUITES - MODERNO PARK SA;CL 74 10 33;CL 74 10 33;VAL DIR;4.65833681639902;-74.0568140394249;VAL COORD
92;HOTEL CASA FALCON;CL 69 11 A 64;CL 69 11 A 64;VAL DIR;4.65529152143726;-74.06195712239253;VAL COORD
93;APARTAMENTOS LAGO 76;KR 15 76 15;KR 15 76 15;VAL DIR;4.66300408798037;-74.0591323841687;VAL COORD
95;HOTEL INTER BOGOT�;KR 3 20 17;KR 3 20 17;VAL DIR;4.60434296107741;-74.06779308861769;VAL COORD
96;HOTEL CLAUDIA DEL CENTRO;KR 8 17 66;KR 8 17 66;VAL DIR;4.6045733002779;-74.0728934888406;VAL COORD
98;HOTEL MONSERRAT SPA VITAL;KR 3 20 35;KR 3 20 35;VAL DIR;4.6044826064757345;-74.06782263228446;VAL COORD
101;CASA DE HUESPEDES SANTA MAR�A HOTEL;KR 45 24 B 09;KR 45 24 B 09;VAL DIR;4.635656040128162;-74.09394298183709;VAL COORD
103;HOTEL SOFITEL BOGOT� VICTORIA REGIA - PROMOTORA Y OPERADORA DE HOTELES PROMOTEL ;KR 13 85 80;KR 13 85 80;VAL DIR;4.6699749607195296;-74.05304044803746;VAL COORD
104;HOTEL ESTRELLA LA 23;CL 23 7 86;CL 23 7 86;VAL DIR;4.60945570232993;-74.0711084924018;VAL COORD
105;HOTEL MANILA PLAZA;CL 17 8 23;CL 17 8 23;VAL DIR;4.60413586353765;-74.07341334067;VAL COORD
106;HOTEL AMERICANO;CL 23 9 18;CL 23 9 18;VAL DIR;4.609741613899105;-74.07148290873496;VAL COORD
107;HOTEL EL DUQUE CENTRO INTERNACIONAL;CL 23 9 38;CL 23 9 38;VAL DIR;4.6097282694765;-74.0716529876058;VAL COORD
111;HOTEL EUROPA VIEJO;CL 23 13 30;CL 23 13 30;VAL DIR;4.610835893180261;-74.07349216875073;VAL COORD
115;GUN CLUB;KR 8 16 28;KR 8 16 28;VAL DIR;4.60334710755722;-74.0735739994679;VAL COORD
120;A MI REFUGIO CASA CULTURAL Y DE HUESPEDES ;KR 19 33 21;KR 19 33 21;VAL DIR;4.62219618468536;-74.0740506090667;VAL COORD
121;HOTEL LOS CERROS;CL 19 9 18;CL 19 9 18;VAL DIR;4.60657526903798;-74.0731521288616;VAL COORD
124;HOTEL DEL PARQUE SUPERIOR;KR 5 23 34;KR 5 23 34;VAL DIR;4.6082407901141025;-74.06803484485677;VAL COORD
125;HOTEL SAN FRANCISCO DE ASIS;KR 10 23 63;KR 10 23 63;VAL DIR;4.61046894768158;-74.0719497956009;VAL COORD
129;HOTEL LA SABANA;CL 23 5 23;CL 23 5 23;VAL DIR;4.60795530810613;-74.06899721207394;VAL COORD
132;HOTEL LIDO;CL 11 9 45 ;CL 11 9 45;VAL DIR;4.59958376760031;-74.0774215444839;VAL COORD
133;ABADIA COLONIAL (ROMA);CL 11 2 32;CL 11 2 32;VAL DIR;4.59564284995832;-74.0711058683924;VAL COORD
134;HOTEL DE LA OPERA - INVERSIONES LA OPERA S A;CL 10 5 72 ;CL 10 5 72;VAL DIR;4.59663481042018;-74.0746524676243;VAL COORD
136;ALEGRIA�S HOSTEL;CL 9 2 13;CL 9 2 13;VAL DIR;4.5936953374406;-74.0721269914488;VAL COORD
137;POSADA ANANDA MAYI;CL 9 2 81;CL 9 2 81;VAL DIR;4.59391738538796;-74.0727393541604;VAL COORD
142;HOTEL AMBAL� BOGOT� COLONIAL;KR 5 12 B 46;KR 5 12 B 46;VAL DIR;4.59917741331411;-74.0723001581338;VAL COORD
143;HOTEL INTERNACIONAL;KR 5 12 C 45;KR 5 12 C 45;VAL DIR;4.60013058268866;-74.071809932523;VAL COORD
144;HOSTAL SUE CANDELARIA;KR 3 12 C 18;KR 3 12 C 18;VAL DIR;4.59873438165656;-74.070077864709;VAL COORD
146;HOTEL EL DORADO;KR 4 12 D 02;KR 4 12 D 02;VAL DIR;4.60021057039525;-74.0704109230467;VAL COORD
147;HOSTAL SUE E.U.;CL 12 F 2 55;CL 12 F 2 55;VAL DIR;4.60005672488845;-74.0685206818192;VAL COORD
149;THE HOSTAL CRANKYCROC;CL 12 D 3 46;CL 12 D 3 46;VAL DIR;4.59976733453991;-74.0699703112193;VAL COORD
150;HOSTAL FATIMA;CL 12 C 2 24;CL 12 C 2 24;VAL DIR;4.59835941214084;-74.069395788142;VAL COORD
158;HABITEL;AC 26 100 97 ;AC 26 100 97;VAL DIR;4.688416605711878;-74.13100256025518;VAL COORD
159;GHL HOTEL CAPITAL;CL 25 B 69 A 50;CL 25 B 69 A 50;VAL DIR;4.65837952223408;-74.1082590864117;VAL COORD
160;HOTEL SHERATON BOGOT�;CL 25 B 69 C 80;CL 25 B 69 C 80;VAL DIR;4.66011662684884;-74.1093661583897;VAL COORD
161;HOTEL A.R.V.;CL 17 96 C 32;CL 17 96 C 32;VAL DIR;4.6685377288827805;-74.14219976398743;VAL COORD
163;HOTEL HYNTIVA;KR 98 17 36;KR 98 17 36;VAL DIR;4.671604952323523;-74.14418011624029;VAL COORD
165;HOTEL LOS CAMBULOS;KR 96 C 17 38;KR 96 C 17 38;VAL DIR;4.66814261296553;-74.14173322090745;VAL COORD
167;HOTEL ESCORIAL FONTIB�N EN SUCESI�N;CL 17 96 C 15;CL 17 96 C 15;VAL DIR;4.668114266599057;-74.14249879097787;VAL COORD
169;CASA BLANCA 98 HOTEL;CL 17 A 97 83;CL 17 A 97 83;VAL DIR;4.671656209651415;-74.14411294838078;VAL COORD
181;HOTEL FONTIB�N;CL 17 97 10;CL 17 97 10;VAL DIR;4.670919515264994;-74.1440506422697;VAL COORD
183;HOTEL RESIDENCIA ESPA�A;KR 7 23 20;KR 7 23 20;VAL DIR;4.60924152127126;-74.0702651038835;VAL COORD
184;HOSTAL BOGOT� REAL;CL 103 B 46 05;CL 103 B 46 05;VAL DIR;4.690880110637087;-74.05825315533667;VAL COORD
185;HOTEL DANN AV 19 - INVERSIONES SPIWAK LTDA;AV 19 5 72;AV 19 5 72;VAL DIR;4.60489940509539;-74.0706475237693;VAL COORD
188;HOTEL FERROVIAL;KR 40 22 59;KR 40 22 59;VAL DIR;4.62975623128618;-74.0946198206946;VAL COORD
189;HOTEL QUINTA PAREDES INN;KR 40 22 69;KR 40 22 69;VAL DIR;4.62980658563303;-74.094544934741;VAL COORD
193;NUEVO HOTEL TEUSAQUILLO;KR 16 28 A 24;KR 16 28 A 24;VAL DIR;4.61711788251417;-74.07315666527512;VAL COORD
196;HOSTAL DE FEDERMAN;KR 38 56 38;KR 38 56 38;VAL DIR;4.646496912777845;-74.08276384148242;VAL COORD
198;APARTAMENTOS GALERIAS 52;KR 30 52 38;KR 30 52 38;VAL DIR;4.64176468770484;-74.0787251431879;VAL COORD
199;HOTEL EMBAJADOR;CL 37 18 A 49;CL 37 18 A 49;VAL DIR;4.62607014069418;-74.073007287536;VAL COORD
200;HOTEL SUAMOX;CL 38 16 07;CL 38 16 07;VAL DIR;4.62641119266852;-74.07092313663456;VAL COORD
201;HOTEL INNOVA MASTER CENTRO INTERNACIONAL;CL 34 7 87;CL 34 7 87;VAL DIR;4.62173264357849;-74.0678157903833;VAL COORD
202;HOTEL VILLA KARINA;CL 30 17 47;CL 30 17 47;VAL DIR;4.61944355651343;-74.0739395367188;VAL COORD
203;HOTEL CAVIAR;KR 19 39 A 18;KR 19 39 A 18;VAL DIR;4.62851136339755;-74.0727103716373;VAL COORD
204;CASA KOLPING BOGOT�;KR 16 35 41;KR 16 35 41;VAL DIR;4.62463519944609;-74.07129661970083;VAL COORD
205;HOTEL AMERICAN DREAM AND EVENTS;AV 40 25 28;AV 40 25 28;VAL DIR;4.63250590002431;-74.089898339238;VAL COORD
206;HOTEL COLOMBIANS SUITE INTERNATIONAL;KR 43 A 24 C 06;KR 43 A 24 C 06;VAL DIR;4.63330731549824;-74.09183482291184;VAL COORD
207;HOTEL CASA AMERICANA;CL 24 D 44 A 73;CL 24 D 44 A 73;VAL DIR;4.635582274856369;-74.0930582473468;VAL COORD
208;HOTEL CASA LA EMBAJADA COLONIAL;KR 44 A 24 A 60;KR 44 A 24 A 60;VAL DIR;4.633973836219491;-74.09357347780018;VAL COORD
211;HOTEL CASA FORTEL;CL 22 B 44 C 09;CL 22 B 44 C 09;VAL DIR;4.633924439917265;-74.0959978466437;VAL COORD
215;HOTEL CASA LA EMBAJADA;CL 24 D 44 A 97;CL 24 D 44 A 97;VAL DIR;4.635836920134779;-74.09317829731604;VAL COORD
217;HOTEL SALITRE RUGAL;AC 24  40 71;AC 24 40 71;VAL DIR;4.63126582984367;-74.0932721004457;VAL COORD
218;HOTEL PLATINUM SUITE;AC 24 40 76;AC 24 40 76;VAL DIR;4.631848719334389;-74.09329588099203;VAL COORD
220;HOTEL SAN PABLO;CL 26 38 A 11;CL 26 38 A 11;VAL DIR;4.63287082346529;-74.0864272337882;VAL COORD
222;HOTEL CASA SANTA MARTA;KR 43 22 A 91;KR 43 22 A 91;VAL DIR;4.631403010732428;-74.09411972642732;VAL COORD
224;HOTEL TUR�STICO INTERNACIONAL GRAN AM�RICA;CL 24 32 86;CL 24 32 86;VAL DIR;4.62627874428667;-74.0859274066618;VAL COORD
228;SUITES EJECUTIVAS 57 INN;CL 57 18 25;CL 57 18 25;VAL DIR;4.64456882149137;-74.0695192757343;VAL COORD
231;SUITES INN GALERIAS;KR 23 53 A 43;KR 23 53 A 43;VAL DIR;4.642675551423438;-74.07344379901636;VAL COORD
232;HOTEL SIAR;KR 25 52 16;KR 25 52 16;VAL DIR;4.640998839397325;-74.07451966685517;VAL COORD
233;HOTEL PARKWAY;AK 24 39 B 32;AK 24 39 B 32;VAL DIR;4.6298520176731355;-74.0746581862949;VAL COORD
234;HOTEL LORD GALERIAS;KR 27 A 53 20;KR 27 A 53 20;VAL DIR;4.64251562174049;-74.07621530429614;VAL COORD
235;HOTEL EL CAMPIN (MAICHEL E HIJOPS CIS S EN C);KR 25 52 35;KR 25 52 35;VAL DIR;4.64126542830801;-74.07473010730594;VAL COORD
236;HOTEL EL CONDADO PLAZA BOGOT�;DG 53 D 23 18;DG 53 D 23 18;VAL DIR;4.6438454773737465;-74.07273129425259;VAL COORD
237;HOTEL SUITE BOGOT� COLONIAL UNO;CL 24 C 44 35;CL 24 C 44 35;VAL DIR;4.634464323095013;-74.0928984406321;VAL COORD
238;HOTEL SAN RAFAEL;AC 24 43 A 49;AC 24 43 A 49;VAL DIR;4.63246261114687;-74.0940761468892;VAL COORD
239;HOTEL SANTAF� REAL;AC 24 40 31;AC 24 40 31;VAL DIR;4.6309659205663;-74.0930703970179;VAL COORD
240;EMBASSY PARK HOTEL;AC 24 44 A 79;AC 24 44 A 79;VAL DIR;4.63402551812446;-74.0951425318282;VAL COORD
241;HOTEL ESTELAR DE LA FERIA;AC 24 43 A 85;AC 24 43 A 85;VAL DIR;4.63273279699449;-74.0942572683652;VAL COORD
242;VIAGGIO PARQUE 54 - INMOBILIRIARIA ROYAL S.A.S.;KR 4 54 24;KR 4 54 24;VAL DIR;4.639595418724661;-74.06046724676081;VAL COORD
243;VIAGGIO COUNTRY - INMOBILIRIARIA ROYAL S.A.S.;KR 15 85 55;KR 15 85 55;VAL DIR;4.67050356025731;-74.0551508052695;VAL COORD
244;VIAGGIO SALLE - INMOBILIRIARIA ROYAL S.A.S.;CL 61 5 75;CL 61 5 75;VAL DIR;4.64604671683617;-74.06049604381454;VAL COORD
245;VIAGGIO CENTRO FINANCIERO - INMOBILIRIARIA ROYAL S.A.S.;CL 62 3 A 50;CL 62 3 A 50;VAL DIR;4.6455573870000535;-74.0576016249999;VAL COORD
246;VIAGGIO STUDIOS - INMOBILIRIARIA ROYAL S.A.S.;CL 62 3 B 37;CL 62 3 B 37;VAL DIR;4.645562763808686;-74.05800463492933;VAL COORD
247;CASA HOTEL ZUETANA PI;CL 106 A 18 A 19;CL 106 A 18 A 19;VAL DIR;4.692895930419191;-74.04989304038091;VAL COORD
253;HOTEL PARQUE 97 SUITES;CL 97 19 15;CL 97 19 15;VAL DIR;4.683970625515122;-74.05273419130981;VAL COORD
254;SUITES REAL 97;CL 97 A 10 45;CL 97 A 10 45;VAL DIR;4.680256472806737;-74.04403222622109;VAL COORD
255;HOTEL DE LA VILLE;CL 100 13 55;CL 100 13 55;VAL DIR;4.68381185596163;-74.0464245697252;VAL COORD
257;HALIFAX;CL 93 15 93;CL 93 15 93;VAL DIR;4.67709486702192;-74.0526871165138;VAL COORD
258;RICHMOND SUITES;CL 93 18 81;CL 93 18 81;VAL DIR;4.677966349754274;-74.0547769050365;VAL COORD
259;HOTEL ESTELAR WINDSOR HOUSE;CL 95 9 97;CL 95 9 97;VAL DIR;4.67751344597304;-74.0434834131516;VAL COORD
261;HOTEL VIRREY PARK;KR 15 87 94;KR 15 87 94;VAL DIR;4.67251942084605;-74.0539570599122;VAL COORD
262;HOTEL CHICO IMPERIAL SUITES;KR 19 C 91 63;KR 19 C 91 63;VAL DIR;4.6779652968427525;-74.05709842946759;VAL COORD
263;HOTEL LA FONT;KR 16 86 A 32;KR 16 86 A 32;VAL DIR;4.672226782540142;-74.05476537745842;VAL COORD
264;SUITES REAL 85;KR 18 84 56;KR 18 84 56;VAL DIR;4.670281846187172;-74.05701630284982;VAL COORD
265;HOTEL EXCELSIOR BOGOT�;KR 14 86 A 96;KR 14 86 A 96;VAL DIR;4.671506097980326;-74.05357602025133;VAL COORD
266;HOTEL BOHEME ROYAL;CL 82 12 35;CL 82 12 35;VAL DIR;4.66654511678498;-74.0544650533027;VAL COORD
267;HOTEL ANDINO ROYAL;CL 85 12 28;CL 85 12 28;VAL DIR;4.66861507670573;-74.0526214025828;VAL COORD
269;CROWNE PLAZA TEQUENDAMABOGOT� (HOTEL TEQUENDAMA);KR 10 26 21;KR 10 26 21;VAL DIR;4.61198372497338;-74.071216347347;VAL COORD
272;SUITE LUGANO IMPERIAL & CIA LTDA.;CL 70 A 7 62;CL 70 A 7 62;VAL DIR;4.654228644739275;-74.05683224197126;VAL COORD
273;HOTEL CASA MEDINA;KR 7 69 A 22;KR 7 69 A 22;VAL DIR;4.65241981914047;-74.0565850845073;VAL COORD
274;EMAUS BOGOT�;KR 4 69 A 46;KR 4 69 A 46;VAL DIR;4.651110649934161;-74.05396144159991;VAL COORD
275;HOTEL ABC 7 AVENIDA;KR 7 47 63;KR 7 47 63;VAL DIR;4.6343000894524;-74.0639511079566;VAL COORD
277;HOTEL L�TOILE;KR 7 43 47;KR 7 43 47;VAL DIR;4.63067443588318;-74.0645978350272;VAL COORD
278;HOTEL PORTON BOGOT�;CL 84 7 65;CL 84 7 65;VAL DIR;4.66437062586787;-74.0481975774778;VAL COORD
279;MORRISON HOTEL;CL 84 BIS 13 54;CL 84 BIS 13 54;VAL DIR;4.6690486553517605;-74.05440042891676;VAL COORD
280;HOTEL RETIRO 84;CL 84 9 95;CL 84 9 95;VAL DIR;4.6663770341597415;-74.05082259448872;VAL COORD
282;ROYAL PARK METROTEL;CL 74 13 27;CL 74 13 27;VAL DIR;4.66027250533427;-74.0594253515749;VAL COORD
283;HOTEL CONFORT 80;KR 16 A 79 85;KR 16 A 79 85;VAL DIR;4.666884979693608;-74.05847653705572;VAL COORD
284;HOTEL EMBASSY SUITES ROSALES BOGOT� BY HILTON;CL 70 6 22;CL 70 6 22;VAL DIR;4.652576945274204;-74.05578985050587;VAL COORD
285;HOTEL NACI�N;KR 8 65 29 / KR 8 A 65 36;KR 8 65 29;VAL DIR;4.650114887292264;-74.06002510171173;VAL COORD
287;HOTEL ESTELAR SUITE JONES - SURCURSAL CHAPINERO ALTO;CL 61 5 39;CL 61 5 39;VAL DIR;4.64580262432589;-74.0599251619676;VAL COORD
288;APARTASUITES LOURDES LIMITADA;CL 63 15 61;CL 63 15 61;VAL DIR;4.64976532558145;-74.0662837481183;VAL COORD
289;HOTEL LOURDES 62 ;CL 62 11 15;CL 62 11 15;VAL DIR;4.64851126530907;-74.0629186519193;VAL COORD
295;HOTEL CENTRO INTERNACIONAL;KR 13 A 38 95;KR 13 A 38 95;VAL DIR;4.627376023377807;-74.06822144440747;VAL COORD
297;HOTEL CASA DANN CARLTON;CL 94 19 71;CL 94 19 71;VAL DIR;4.68091466900006;-74.05409083399991;VAL COORD
298;HOTEL ESTELAR LA FONTANA;AC 127 15 A 10;AC 127 15 A 10;VAL DIR;4.705007582292585;-74.04361828882725;VAL COORD
301;VIAGGIO VIRREY - INMOBILIRIARIA ROYAL S.A.S.;KR 18 86 A 36;KR 18 86 A 36;VAL DIR;4.672546599980407;-74.05592922358028;VAL COORD
304;HOTEL EL VIAJERO INN;CL 18 8 57 ;CL 18 8 57;VAL DIR;4.60517207926281;-74.0732001035702;VAL COORD
306;HOTEL DIAMANTE INTERNACIONAL;AC 24 40 70;AC 24 40 70;VAL DIR;4.63177376792956;-74.09324533453963;VAL COORD
308;CASA HOTEL LA ESTANCIA;KR 43 A 22 A 07;KR 43 A 22 A 07;VAL DIR;4.631446846539208;-74.09496346089865;VAL COORD
309;HOTEL ARAG�N ""EN SUCESI�N"";KR 3 12 C 13;KR 3 12 C 13;VAL DIR;4.59872386174036;-74.0701487553075;VAL COORD
311;HOTEL SAN PAOLO DI TORINO;KR 9 9 69 ;KR 9 9 69;VAL DIR;4.59903644493835;-74.0773048744511;VAL COORD
312;HOTEL LIMA;KR 4 16 65;KR 4 16 65;VAL DIR;4.60150563635107;-74.0698426221359;VAL COORD
314;HOTELES AM�RICA;CL 66 8 23 TORRE A / CL 66 8 34 TORRE B ;CL 66 8 23;VAL DIR;4.650799584482759;-74.05974245447817;VAL COORD
316;HOTEL DORANTES;CL 12 B 5 07;CL 12 B 5 07;VAL DIR;4.59883278561329;-74.0726157003996;VAL COORD
1004;APARTAMENTOS ESTELAR;CL 127 15 A 10;CL 127 15 A 10;VAL DIR;4.70432795435352;-74.0436598311391;VAL COORD
1008;APARTA ESTUDIOS ANDINO LTDA.;KR 19 A 102 09;KR 19 A 102 09;VAL DIR;4.688048272838496;-74.05284426897455;VAL COORD
1011;APARTAMENTOS GALERIAS 51;KR 30 51 34;KR 30 51 34;VAL DIR;4.64085379992114;-74.0787872672307;VAL COORD
1013;HOTEL HELICONIA SUITE;KR 9 7 29;KR 9 7 29;VAL DIR;4.595798312572202;-74.07953926525079;VAL COORD
1014;HOTEL MONTECARLO COLONIAL;CL 18 8 35;CL 18 8 35;VAL DIR;4.605031733695639;-74.07314831608;VAL COORD
1016;HOTEL SUITE DE NORMANDIA;KR 71 A 50 39;KR 71 A 50 39;VAL DIR;4.667957006992698;-74.10784055782557;VAL COORD
1017;ROYAL EMBASSY HOTEL;CL 24 D 43 A 05;CL 24 D 43 A 05;VAL DIR;4.633693936485527;-74.09178759531672;VAL COORD
1020;HOSTAL LA CANDELARIA BOGOT�;CL 12 F 2 38;CL 12 F 2 38;VAL DIR;4.60031366246666;-74.0681594672768;VAL COORD
1030;BLUE SUITES HOTEL;CL 93 17 48;CL 93 17 48;VAL DIR;4.677964463893625;-74.05374396580963;VAL COORD
1031;APARTAHOTEL CASABLANCA BOGOT�;CL 55 6 31;CL 55 6 31;VAL DIR;4.640937147674982;-74.06219364315758;VAL COORD
1032;HOTEL ALPICAT;KR 9 58 07;KR 9 58 07;VAL DIR;4.6447134007464665;-74.06315273569203;VAL COORD
1036;HMG SUITES 108;CL 108 16 05;CL 108 16 05;VAL DIR;4.69249033075416;-74.0468971086996;VAL COORD
1037;DESTINO NOMADA HOSTEL;CL 11 00 38;CL 11 00 38;VAL DIR;4.595056004195364;-74.0700083340735;VAL COORD
1041;HOSTAL VILLACANDELARIA;KR 3 12 D 93;KR 3 12 D 93;VAL DIR;4.60036790999615;-74.0691014114311;VAL COORD
1042;CASA HOTEL BOYAC� REAL;KR 15 44 44;KR 15 44 44;VAL DIR;4.632368372224731;-74.06860096827424;VAL COORD
1048;APARTA ESTUDIOS CAMPIN INN;KR 24 61 D 37;KR 24 61 D 37;VAL DIR;4.64907574419879;-74.0730675658821;VAL COORD
1049;USAQU�N ART SUITES;KR 5 117 07;KR 5 117 07;VAL DIR;4.693776199338249;-74.03013119681566;VAL COORD
1051;HOTEL EJECUTIVO EMBAJADOR - HOTEL EJECUTIVO EMBAJADA I;CL 24 B 44 A 22;CL 24 B 44 A 22;VAL DIR;4.634714764407492;-74.09333795493103;VAL COORD
1052;EL MARQUES DE SAN RAFAEL;KR 67 12 A 76;KR 67 12 A 76;VAL DIR;4.636411370092861;-74.11798523370115;VAL COORD
1054;BALMORAL CASA Y HOSTAL;KR 17 A 125 10;KR 17 A 125 10;VAL DIR;4.703867696768022;-74.04564191271687;VAL COORD
1055;HOLIDAY INN EXPRESS HOTEL;CL 94 11 A 12;CL 94 11 A 12;VAL DIR;4.677904126956445;-74.04711917103958;VAL COORD
1056;HOTEL EMPORIUM;KR 33 25 A 04;KR 33 25 A 04;VAL DIR;4.627990315270043;-74.08546578380785;VAL COORD
1057;CROWNE PLAZA SUITES TEQUENDAMA BOGOT� (SUITES TEQUENDAMA);KR 10 27 51 INT 150;KR 10 27 51;VAL DIR;4.61450419678762;-74.0696619581697;VAL COORD
1059;HOTEL CASA GALERIA;KR 2 12 B 62;KR 2 12 B 62;VAL DIR;4.59799721550179;-74.0695738725766;VAL COORD
1060;HOTEL CASA DECO;CL 12 C 2 36;CL 12 C 2 36;VAL DIR;4.59865883323241;-74.0701866468259;VAL COORD
1061;HOTEL MARRIOT;AC 26 69 B 53;AC 26 69 B 53;VAL DIR;4.6593576073369665;-74.10841189455864;VAL COORD
1067;SUITES 109;CL 109 A 17 52;CL 109 A 17 52;VAL DIR;4.694842223334042;-74.04769349547635;VAL COORD
1069;ZUETANA MALIBU;CL 119 50 15;CL 119 50 15;VAL DIR;4.701685257116425;-74.05933489434466;VAL COORD
1070;APARTAESTUDIOS KAFIR;CL 25 B 36 28;CL 25 B 36 28;VAL DIR;4.630837032135081;-74.08638168589528;VAL COORD
1073;HOTEL BOGOT� VIRREY;KR 15 87 06;KR 15 87 06;VAL DIR;4.67200670691137;-74.0542073891214;VAL COORD
1075;HOTEL LAGUNA 24;CL 24 B 44 A 59;CL 24 B 44 A 59;VAL DIR;4.634866283831471;-74.09381644502831;VAL COORD
1077;HOTEL MS OCEANIA;KR 13 24 A 48;KR 13 24 A 48;VAL DIR;4.611908339697563;-74.0718635301869;VAL COORD
1079;CITE HOTEL;KR 15 88 10;KR 15 88 10;VAL DIR;4.67318668311468;-74.0536637970364;VAL COORD
1081;CASA AURA MAR�A;KR 39 25 81;KR 39 25 81;VAL DIR;4.6321943122876625;-74.0888221202486;VAL COORD
1083;NICO APARTASUITES;CL 68 4 62;CL 68 4 62;VAL DIR;4.650395380640436;-74.05542987744751;VAL COORD
1084;HOTEL CASA  NORMANDIA;KR 71 B 53 35;KR 71 B 53 35;VAL DIR;4.67065018962195;-74.1057504425021;VAL COORD
1085;HOTEL PALERMO PLAZA;KR 19 45 A 28;KR 19 45 A 28;VAL DIR;4.63399457292322;-74.0716920596067;VAL COORD
1087;CASA BOUTIQUE POLO INN;AUT. NORTE 83 59;;NOT VALID DIR;ERR LAT;ERR LON;NOT VALID COORD
1088;CASA COLONIAL INN;CL 57 18 26;CL 57 18 26;VAL DIR;4.64485451530405;-74.0694799757746;VAL COORD
1089;HOTEL CLASSIC;CL 25 A 38 A 22;CL 25 A 38 A 22;VAL DIR;4.632087045710225;-74.08833526139564;VAL COORD
1091;HOTEL SPLENDOR;AC 24 40 46;AC 24 40 46;VAL DIR;4.6314740284952025;-74.09304398512;VAL COORD
1092;HOTELES BRISAS DEL OASIS ;CL 66 11 77;CL 66 11 77;VAL DIR;4.652202467521731;-74.06258803353154;VAL COORD
1093;HOTEL SAN NICOLAS BOGOT�;CL 38 29 12;CL 38 29 12;VAL DIR;4.626436469712627;-74.07946995408481;VAL COORD
1094;MARTINIK HOSTEL;KR 4 11 88;KR 4 11 88;VAL DIR;4.597197487868148;-74.07214170019003;VAL COORD
1095;A BOGOT� ON HOLIDAYS;CL 51 A 74 20;CL 51 A 74 20;VAL DIR;4.6725630592308365;-74.11077945592343;VAL COORD
1097;HOTEL BH PARQUE 93;KR 14 93 A 69;KR 14 93 A 69;VAL DIR;4.67817587615182;-74.05050686639056;VAL COORD
1098;CONTINENTAL ALL SUITES HOTEL;AV JIMENEZ 4 16;AV JIMENEZ 4 16;VAL DIR;4.60097427371671;-74.0702588642085;VAL COORD
1099;TIVOLI SUITES;KR 17 109 A 67;KR 17 109 A 67;VAL DIR;4.694906412527068;-74.04675660732754;VAL COORD
1100;SEBASTIAN INN;KR 33 25 A 38;KR 33 25 A 38;VAL DIR;4.628194814859934;-74.08524949023607;VAL COORD
1105;APARTAESTUDIOS LA CANDELARIA;CL 10 2 40;CL 10 2 40;VAL DIR;4.59498579390904;-74.0716830587822;VAL COORD
1106;HOTEL SANTA BARBARA REAL;CL 127 7 89;CL 127 7 89;VAL DIR;4.70207559043005;-74.0294448399835;VAL COORD
1107;CHAPINORTE VIP;CL 79 14 59 APTO 301;CL 79 14 59;VAL DIR;4.665104245471973;-74.05760315230691;VAL COORD
1108;ARLINGTON PLACE S.A.S.;CL 109 19 51;CL 109 19 51;VAL DIR;4.6951705661647525;-74.05112554274817;VAL COORD
1109;HOTEL CASA SANTA ISABEL;KR 28 1 G 04;KR 28 1 G 04;VAL DIR;4.59965568852906;-74.10107476718;VAL COORD
1112;HOTEL 116 AVENUE;CL 116 18 B 60;CL 116 18 B 60;VAL DIR;4.69866120495192;-74.0491298040767;VAL COORD
1114;BELLE EPOQUE BOUTIQUE 94;CL 94 A 21 42;CL 94 A 21 42;VAL DIR;4.682451016010942;-74.05583700931402;VAL COORD
1115;HOSTAL LA PINTA;CL 65 5 67;CL 65 5 67;VAL DIR;4.648584503557882;-74.05856999256534;VAL COORD
1119;HOTEL JW MARRIOTT BOGOT�;CL 73 8 60;CL 73 8 60;VAL DIR;4.657114387464086;-74.05593175437758;VAL COORD
1121;AR HOTEL SALITRE SUITES & SPA CENTRO DE CONVENCIONES;AK 60 22 99;AK 60 22 99;VAL DIR;4.643629236690444;-74.10664579592991;VAL COORD
1122;WONDERFULL HOUSE 100;KR 63 98 66;KR 63 98 66;VAL DIR;4.688173491178751;-74.06826990328564;VAL COORD
1123;HOTEL AVIA 93;CL 93 11 A 34;CL 93 11 A 34;VAL DIR;4.67492230617547;-74.0486584210457;VAL COORD
1124;POSADAS HOUSE;KR 39 A 25 25;KR 39 A 25 25;VAL DIR;4.632620068861179;-74.08917656161563;VAL COORD
1125;CLUB HOUSE BOGOT�;CL 112 13 A 45;CL 112 13 A 45;VAL DIR;4.69369920229146;-74.0415493772768;VAL COORD
1126;HOTEL PLAZA 36;KR 16 36 55;KR 16 36 55;VAL DIR;4.62565395122275;-74.07114981584132;VAL COORD
1127;CASA REGIS;KR 12 119 26;KR 12 119 26;VAL DIR;4.699045803117022;-74.03893932601815;VAL COORD
1128;HOTEL BOUTIQUE CITY CENTER;KR 39 25 26;KR 39 25 26;VAL DIR;4.631622202772094;-74.08912180089455;VAL COORD
1129;HOTEL GALERIA REAL;AK 30 51 80;AK 30 51 80;VAL DIR;4.641320496077743;-74.07864287618904;VAL COORD
1134;CASA BELLAVISTA HOSTEL;KR 2 12 B 31;KR 2 12 B 31;VAL DIR;4.59773343755988;-74.0696780654937;VAL COORD
1136;ABITARE 56 HOTEL;CL 56 7 79;CL 56 7 79;VAL DIR;4.642028483603027;-74.06303740572918;VAL COORD
1138;JAZZ APARTMENTS;CL 87 15 35;CL 87 15 35;VAL DIR;4.672470532734632;-74.0545618881935;VAL COORD
1149;LLOYD�S APARTASUITES;KR 11 94 71;KR 11 94 71;VAL DIR;4.67780982730717;-74.0459946491153;VAL COORD
1151;HOTEL CABRERA IMPERIAL;CL 83 9 64;CL 83 9 64;VAL DIR;4.666031692401714;-74.05077244636674;VAL COORD
1157;HOTEL BH TEMPO - HOTEL 65 TEMPO;KR 7 65 01;KR 7 65 01;VAL DIR;4.64935853611138;-74.0591853049506;VAL COORD
1165;HOTEL MATISSE;CL 67 6 55;CL 67 6 55;VAL DIR;4.650340475116213;-74.05801754130086;VAL COORD
1166;VIAGGIO NUEVE TRES - INMOBILIRIARIA ROYAL S.A.S.;KR 18 93 A 60;KR 18 93 A 60;VAL DIR;4.679205090138149;-74.0532025017311;VAL COORD
1176;TROPIC TOURIST;KR 21 A 159 A 28;KR 21 A 159 A 28;VAL DIR;4.740252140488059;-74.0463185694591;VAL COORD
1180;ALICANTE HOTEL BOGOT�;KR 18 58 B 35;KR 18 58 B 35;VAL DIR;4.646750843332091;-74.06901524716808;VAL COORD
1194;HOTEL MASTER CALLE 68;CL 68 15 48;CL 68 15 48;VAL DIR;4.65604318148915;-74.0649850030835;VAL COORD
1196;HOTEL VIENES;CL 58 BIS 9 19;CL 58 BIS 9 19;VAL DIR;4.644411419965981;-74.06342249125613;VAL COORD
1198;HOSTAL CASA QUEVEDO;KR 1 A 12 B 30;KR 1 A 12 B 30;VAL DIR;4.59780415206824;-74.0691347209401;VAL COORD
1199;HOSTAL AVENTUREROS DE LA CANDELARIA;KR 3 12 C 82;KR 3 12 C 82;VAL DIR;4.59922895455996;-74.0697820317287;VAL COORD
1201;HOTEL SAN JOS� BAVARIA 2;CL 12 71 D 38;CL 12 71 D 38;VAL DIR;4.64312515807219;-74.1305163201598;VAL COORD
1205;A BOGOT��ON HILIDAYS II;CL 51 A 74 20;CL 51 A 74 20;VAL DIR;4.6725630592308365;-74.11077945592343;VAL COORD
1206;HOTEL REAL PLAZA IN;CL 22 43 A 12;CL 22 43 A 12;VAL DIR;4.6308374379133;-74.0961138580658;VAL COORD
1214;CASA HOTEL DONDE �LVARO;KR 15 35 21;KR 15 35 21;VAL DIR;4.624222394729789;-74.07040342482938;VAL COORD
1215;HOTEL CORFERIA INN;CL 24 D 40 76;CL 24 D 40 76;VAL DIR;4.633303380117718;-74.0911822722588;VAL COORD
1216;CHOCOLATE HOSTEL;CL 12 F 2 43;CL 12 F 2 43;VAL DIR;4.60003239743178;-74.0684103964748;VAL COORD
1219;HOTEL ESMERALDA REAL;KR 40 22 B 17;KR 40 22 B 17;VAL DIR;4.63069679153757;-74.0932329947033;VAL COORD
1229;CASA HOTEL ELITE DEL PARQUE;AC 53 66 A 59;AC 53 66 A 59;VAL DIR;4.655261501584002;-74.09832289317265;VAL COORD
1236;HOTEL SUITES LA SOLEDAD INN;KR 20 40 64;KR 20 40 64;VAL DIR;4.630896769645538;-74.07289303985085;VAL COORD
1239;HOTEL CALLE 112;CL 112 14 B 47;CL 112 14 B 47;VAL DIR;4.694219974843071;-74.0434058055338;VAL COORD
1264;HOTEL FENIX REAL;KR 19 71 A 30;KR 19 71 A 30;VAL DIR;4.660357594233681;-74.06407800916085;VAL COORD
1265;SAYTA HOSTAL;CL 12 B 00 57;CL 12 B 00 57;VAL DIR;4.59654652200004;-74.06916241899995;VAL COORD
1266;LA VIEJA SUIZA;CL 12 C 3 07;CL 12 C 3 07;VAL DIR;4.59860306111644;-74.0702686497592;VAL COORD
1271;NH PARQUE 93;CL 93 12 41;CL 93 12 41;VAL DIR;4.675014440538937;-74.0493672783991;VAL COORD
1272;HOTEL PAVILLON ROYAL I;CL 94 11 45;CL 94 11 45;VAL DIR;4.677129111359269;-74.04684151485496;VAL COORD
1273;HOTEL SHERATON ;CL 58 BIS 9 24;CL 58 BIS 9 24;VAL DIR;4.644801312129032;-74.06323250883699;VAL COORD
1275;LOS ANDES B&B;KR 13 A 79 07;KR 13 A 79 07;VAL DIR;4.665234272169592;-74.05649294958162;VAL COORD
1280;WINDSOR CASTEL;CL 10 25 A 37;CL 10 25 A 37;VAL DIR;4.60740124530197;-74.0914093748224;VAL COORD
1293;REGENCY SUITES HOTEL BOUTIQUE;KR 43 22 A 30;KR 43 22 A 30;VAL DIR;4.630905546433489;-74.09438586644595;VAL COORD
1294;SONESTA HOTEL BOGOT� - COMPLEJO HOTELERO METRO 127;KR 15 A 125 26;KR 15 A 125 26;VAL DIR;4.70359598151851;-74.0435542266288;VAL COORD
1298;HOTEL QUINTA REAL D.C.;KR 40 24 D 23;KR 40 24 D 23;VAL DIR;4.63250347131229;-74.0905743551661;VAL COORD
1303;HOTEL HOLIDAY INN BOGOT� AIRPORT;AC 26 69 D 91;AC 26 69 D 91;VAL DIR;4.661592100352675;-74.10988802624703;VAL COORD
1304;EXPO SUITE PARQUE CENTRAL BAVAR�A;KR 13 A 32 A 39;KR 13 A 32 A 39;VAL DIR;4.620369610287044;-74.06924644237449;VAL COORD
1306;HOTEL BULEVAR PLAZA;AK 40 22 79;AK 40 22 79;VAL DIR;4.62985683639122;-74.0944701780378;VAL COORD
1307;ALOFT BOGOT� AIRPORT HOTEL;AC 26 92 32;AC 26 92 32;VAL DIR;4.684044618046653;-74.1198479073137;VAL COORD
1310;APARTAMENTOS ESTELAR AEROPUERTO;CL 25 B 40 67;CL 25 B 40 67;VAL DIR;4.633495460534149;-74.09026616889956;VAL COORD
1313;HOTEL PESTANA BOGOT� 100 - HOTEL CALLE 100 BOGOT�;CL 100 14 26;CL 100 14 26;VAL DIR;4.68486124577011;-74.0472882171567;VAL COORD
1314;GRUPO CASA REAL 93;CL 93 A 9 A 53;CL 93 A 9 A 53;VAL DIR;4.674784175899692;-74.0459133250121;VAL COORD
1315;HOTEL CLUB EL NOGAL;KR 5 78 75;KR 5 78 75;VAL DIR;4.6591440790811;-74.0507162202016;VAL COORD
1316;FONTANAR PRADO;CL 129 A 45 35;CL 129 A 45 35;VAL DIR;4.715936125607056;-74.05314780724024;VAL COORD
1331;HOTEL PAVILLON ROYAL II;CL 94 11 45;CL 94 11 45;VAL DIR;4.677129111359269;-74.04684151485496;VAL COORD
1337;HOTEL AIRPORT TRAVEL;KR 71 B 49  A 52;KR 71 B 49 A 52;VAL DIR;4.667709628377771;-74.10838277597608;VAL COORD
1338;NIZA NORTE APARTAHOTELES S.A.S.;CL 127 71 25;CL 127 71 25;VAL DIR;4.71014921211833;-74.0766017789532;VAL COORD
1339;JULIETTE MAISON;KR 3 A 58 52;KR 3 A 58 52;VAL DIR;4.64291660107257;-74.05903142134103;VAL COORD
1341;HOTEL MUISCA;CL 10 0 25 29 ESTE;CL 10 0 25;VAL DIR;4.59383182766352;-74.0703760329541;VAL COORD
1342;HOTEL PUERTO LLERAS;KR 21 13 A 05;KR 21 13 A 05;VAL DIR;4.609755540687649;-74.08597921592172;VAL COORD
1344;HOTEL PARQUE NORMANDIA;CL 52 A 73 A 42;CL 52 A 73 A 42;VAL DIR;4.673118614547214;-74.10975296150964;VAL COORD
1346;HOSPEDAJE LA GRAN COLOMBIA;KR 13 48 15;KR 13 48 15;VAL DIR;4.63542799547851;-74.0659751670638;VAL COORD
1347;BEST WESTERN PLUS 93 PARK;CL 93 13 71;CL 93 13 71;VAL DIR;4.675781474409588;-74.05072169093113;VAL COORD
1349;IMPERIAL HOUSE HOTEL;CL 24 A 44 09;CL 24 A 44 09;VAL DIR;4.6333616809188545;-74.0940687406065;VAL COORD
1351;HOTEL RADEL BOGOT�;CL 24 A 44 A 57;CL 24 A 44 A 57;VAL DIR;4.634289995773956;-74.09468967271486;VAL COORD
1353;APARTAHOTEL 122 PLAZA;KR 15 A 122 27;KR 15 A 122 27;VAL DIR;4.701242324016558;-74.0439682322521;VAL COORD
1354;HOTEL TRAVEL EMPRESARIAL;CL 18 96 H 35;CL 18 96 H 35;VAL DIR;4.671143089863615;-74.14244774986868;VAL COORD
1355;CANDELOS HOTEL;KR 3 12C 94;KR 3 12 C 94;VAL DIR;4.59932180283163;-74.0697268836085;VAL COORD
1358;CASA HOTEL EXPO INN;CL 24 B 44 A 44;CL 24 B 44 A 44;VAL DIR;4.634919316853204;-74.09347153038146;VAL COORD
1359;HOTEL OLYMPUS;CL 59 35 A 68;CL 59 35 A 68;VAL DIR;4.650079713169748;-74.08061638638435;VAL COORD
1360;LA CASATEIVZAQUILLOREAL;CL 33 A 21 06;CL 33 A 21 06;VAL DIR;4.623263572199826;-74.0753359061368;VAL COORD
1361;HOTEL BOGOT� ASTRAL;CL 44 7 93;CL 44 7 93;VAL DIR;4.63096144750056;-74.06531593982125;VAL COORD
1362;HOTEL ALBARRIL LA CASA DE LA PASTA;KR 19 33 31;KR 19 33 31;VAL DIR;4.62228583794283;-74.0740354213448;VAL COORD
1367;HOTEL HILTON BOGOT�;KR 7 72 41;KR 7 72 41;VAL DIR;4.655792390882971;-74.05548339085784;VAL COORD
1368;APARTSUITES CK;KR 21 39 A 36;KR 21 39 A 36;VAL DIR;4.628929648006471;-74.0739434250083;VAL COORD
1369;BE HOTELES FERIA EXPOSICI�N;CL 25 38 08;CL 25 38 08;VAL DIR;4.631079125701988;-74.08885249866594;VAL COORD
1372;LA NI�A;CL 66 4 A 07;CL 66 4 A 07;VAL DIR;4.648707947591894;-74.05675145131538;VAL COORD
1374;HOTEL CONFORT BOGOT�;KR 70 C 48 A 51;KR 70 C 48 A 51;VAL DIR;4.665496227317594;-74.10818776502562;VAL COORD
1375;HOTEL BOUTIQUE DE LA FERIA;CL 24 D 40 49;CL 24 D 40 49;VAL DIR;4.632648394484542;-74.09113342399195;VAL COORD
1377;CASA HOTEL INTERNACIONAL;KR 42 24 A 10;KR 42 24 A 10;VAL DIR;4.631589220297112;-74.09248340640272;VAL COORD
1378;HOTEL TOCAREMA FONTIBON;DG 16 A 96 G 07;DG 16 A 96 G 07;VAL DIR;4.66638777873978;-74.146060105926;VAL COORD
1379;HOTEL LEMUS PLAZA;KR 36 25 B 78;KR 36 25 B 78;VAL DIR;4.630763898515301;-74.08561502420037;VAL COORD
1380;CENTRAL HOUSE HOTEL;KR 39 25 A 55;KR 39 25 A 55;VAL DIR;4.632669520702873;-74.08831199106304;VAL COORD
1381;HOTEL URBAN ROYAL CALLE 93 B;CL 93 B 18 42;CL 93 B 18 42;VAL DIR;4.680193431540203;-74.05349670969986;VAL COORD
1383;EXPLORA HOSTELS ;CL 12 C 3 19;CL 12 C 3 19;VAL DIR;4.59866276984045;-74.0703603583299;VAL COORD
1384;BUSSINES HOTEL;KR 102 17 A 64;KR 102 17 A 64;VAL DIR;4.674260905060468;-74.14535932701662;VAL COORD
1385;HOSTAL EL PLAZA;KR 6 26 B 61;KR 6 26 B 61;VAL DIR;4.61301953670404;-74.0691205160393;VAL COORD
1386;LA PLAYA HOSTEL;AK 19 33 04;AK 19 33 04;VAL DIR;4.622115790646272;-74.07382445962904;VAL COORD
1387;MASAYA COLOMBIA;KR  2 12 48 ;KR 2 12 48;VAL DIR;4.5966326130276896;-74.06992101563837;VAL COORD
1391;SUITES PARKWAY INN - HOTEL PARK WAY INN;CL 39A 24 26;CL 39 A 24 26;VAL DIR;4.629417360034338;-74.07568802985581;VAL COORD
1395;LAFONT PARK HOTEL;KR 98 17 34;KR 98 17 34;VAL DIR;4.671549893915157;-74.14425695645207;VAL COORD
1397;HOTEL BOGOT� EXPOCONFORT;CL 25 40 17;CL 25 40 17;VAL DIR;4.6326841605557;-74.0903982648131;VAL COORD
1398;APARTAMENTOS ADRIANA;CL 22 B 40 52;CL 22 B 40 52;VAL DIR;4.63087767807178;-74.0935001127268;VAL COORD
1400;ANTIQUE 65 HOTEL DECORACI�N;CL 65 5 50;CL 65 5 50;VAL DIR;4.648927323906344;-74.05834920316066;VAL COORD
1402;B.O.G. HOTEL;KR 11 86 74;KR 11 86 74;VAL DIR;4.66925396561047;-74.0503476092718;VAL COORD
1403;CASA QUINTA HOTEL;KR 43 A 24 A 75;KR 43 A 24 A 75;VAL DIR;4.633205402888764;-74.09250083119431;VAL COORD
1404;HOTEL COLONIAL FONTIB�N;KR 96 C 17 30;KR 96 C 17 30;VAL DIR;4.668104245574712;-74.14178840368754;VAL COORD
1406;HOTEL AMBAR;KR 8 17 86;KR 8 17 86;VAL DIR;4.60472606125816;-74.0727965834388;VAL COORD
1409;HOTEL ESTELAR PARQUE DE LA 93;CL 93 11 19;CL 93 11 19;VAL DIR;4.674315983414422;-74.04811584863917;VAL COORD
1410;HOTEL B3 VIRREY / UNIKA HOTELS CORP COLOMBIA;KR 15 88 36;KR 15 88 36;VAL DIR;4.67339300996554;-74.0535554823584;VAL COORD
1411;LIMA LIM�N CANDELARIA HOSTAL ;KR 1 12 B 15 ;KR 1 12 B 15;VAL DIR;4.59712438025606;-74.0689060542257;VAL COORD
1414;DIPLOMAT EMBAJADA;AC 24 51 40;AC 24 51 40;VAL DIR;4.63924750750438;-74.09795045192799;VAL COORD
1415;SPLENDOR APARTAHOTEL;CL 22 B 43 A 32;CL 22 B 43 A 32;VAL DIR;4.6321895850821315;-74.094259676827;VAL COORD
1417;SANTA BARBARA CASA HOTEL;CL 63 C 69J 20;CL 63 C 69 J 20;VAL DIR;4.671798970167649;-74.09834908879989;VAL COORD
1420;HOTEL EJECUTIVO AVENIDA LA ESPERANZA;AC 24 47 A 23;AC 24 47 A 23;VAL DIR;4.6360680626587;-74.0963410982427;VAL COORD
1421;HOTEL DORADO PLAZA BOGOT�;CL 25 31 A 15;CL 25 31 A 15;VAL DIR;4.625758830603878;-74.084774021739;VAL COORD
1422;COSMOS INSIGNIA HOTEL;KR 11 B 96 59;KR 11 B 96 59;VAL DIR;4.680584753180011;-74.04632221583672;VAL COORD
1423;HOTEL SION SANTAF�;KR 16 A 61 A 43;KR 16 A 61 A 43;VAL DIR;4.649672790095899;-74.06737508011302;VAL COORD
1424;HOTEL MOVICH CHICO 97;KR 11B 97 03;KR 11 B 97 03;VAL DIR;4.680892568396941;-74.04615648354847;VAL COORD
1425;HOSPEDAJE SUPER REAL;KR 102 18 A 17;KR 102 18 A 17;VAL DIR;4.675199994315304;-74.14488881118801;VAL COORD
1427;HOTEL EMBAJADA REAL;KR 44 22 A 69;KR 44 22 A 69;VAL DIR;4.632638212620519;-74.09512994710789;VAL COORD
1428;HOTEL NUEVO PUERTO L�PEZ;KR 102 17 A 69;KR 102 17 A 69;VAL DIR;4.67449344393727;-74.1455552943664;VAL COORD
1429;HOTEL SANTIAGO PLAZA;CL 24 C 43 10;CL 24 C 43 10;VAL DIR;4.633077793662974;-74.09165203401432;VAL COORD
1433;HOTEL MORRISON 114;AV 19 114 06;AV 19 114 06;VAL DIR;4.69689820353004;-74.0500659424764;VAL COORD
1438;KOZII HOSTEL S.A.S.;KR 10  A 67 66;KR 10 A 67 66;VAL DIR;4.653151726782156;-74.06045335508458;VAL COORD
1439;RAMADA BOGOT� PARQUE 93 - RAMADA BLUE;CL 95 13 35 TORRE 4;CL 95 13 35;VAL DIR;4.679814304633476;-74.0482416133695;VAL COORD
1441;HOTEL LA ESTACI�N CORFERIAS;KR 40 22 05;KR 40 22 05;VAL DIR;4.6291113410369;-74.0949522959039;VAL COORD
1442;MIRADOR DEL RECUERDO;KR 39 A 25 50;KR 39 A 25 50;VAL DIR;4.632483257553902;-74.08879613019842;VAL COORD
1443;HOTEL BH BICENTENARIO;KR 4 16 03;KR 4 16 03;VAL DIR;4.601226591441208;-74.07004524919179;VAL COORD
1450;HOSTAL BAKANO;CL 12 F 2 86 ;CL 12 F 2 86;VAL DIR;4.60023065895824;-74.0687418929499;VAL COORD
1451;HOTEL EL LAGO INN;CL 79 16 A 21;CL 79 16 A 21;VAL DIR;4.665901147098836;-74.05910393912353;VAL COORD
1453;HOTEL ECOFERIA BOUTIQUE;AC 24 43 A 23;AC 24 43 A 23;VAL DIR;4.63226743667029;-74.0939453747019;VAL COORD
1454;HOTEL SUNA BACATA;KR 33 A 31 17;KR 33 A 31 17;VAL DIR;4.632813504639305;-74.08062526098256;VAL COORD
1456;TIP TOP BACKPACKERS;KR 1 12 B 81;KR 1 12 B 81;VAL DIR;4.59734259798662;-74.068786287743;VAL COORD
1458;THE ORCHIDS HOTEL;KR 5 10 55;KR 5 10 55;VAL DIR;4.59670740853456;-74.0738941856811;VAL COORD
1459;HOTEL BOGOT� REAL D.C.;KR 13 22 24;KR 13 22 24;VAL DIR;4.609895538273825;-74.0734278866503;VAL COORD
1460;CASONA D USAQU�N HOTEL BOUTIQUE;CL 117 6 27;CL 117 6 27;VAL DIR;4.693988603842635;-74.031403151845;VAL COORD
1462;HOTEL LA ESTANCIA;KR 111 A 16 J 28;KR 111 A 16 J 28;VAL DIR;4.679351274688911;-74.15195705185565;VAL COORD
1463;HARRINGTON 63 HOTEL;KR 36 A 59 22;KR 36 A 59 22;VAL DIR;4.650213896819167;-74.08074170545805;VAL COORD
1464;CASA GAIT�N CORT�S;CL 69 4 97;CL 69 4 97;VAL DIR;4.650756315539785;-74.05554632040617;VAL COORD
1465;HOTEL SO�ADOR;CL 12 80 D 03;CL 12 80 D 03;VAL DIR;4.65040529776925;-74.1387493207236;VAL COORD
1466;HOTEL HOSPEDARTE SHALOM;KR 80 B 24 D 45;KR 80 B 24 D 45;VAL DIR;4.668780739195791;-74.11869525477039;VAL COORD
1467;HOTEL TORRE CENTRAL LAS NIEVES;KR 10 17 23 ;KR 10 17 23;VAL DIR;4.60547927029622;-74.0748884365146;VAL COORD
1469;VLVCAHO - ULUCAHOSAS;KR 3 12 B 88 ;KR 3 12 B 88;VAL DIR;4.59832798386162;-74.0703346663764;VAL COORD
1470;HOTEL ESTELAR CALLE 100;AC 100 14 46;AC 100 14 46;VAL DIR;4.684883489251951;-74.04699327075082;VAL COORD
1471;NABUSIMAKE HOTEL;CL 22 F 82 24;CL 22 F 82 24;VAL DIR;4.666214163255592;-74.12651354672971;VAL COORD
1472;ZOHAR HOSTEL;KR 4 09 80;KR 4 09 80;VAL DIR;4.595435664468917;-74.07325355686133;VAL COORD
1473;HOTEL BIOUXURY;CL 83 9 48;CL 83 9 48;VAL DIR;4.66557774642402;-74.050511457286;VAL COORD
1475;APARTAHOTEL TORRE BLANCA;KR 17 52 60;KR 17 52 60;VAL DIR;4.640452158676166;-74.06914880452274;VAL COORD
1476;HOSPEDAJE ZARAGOZA;AV JIMENEZ 4 56;AV JIMENEZ 4 56;VAL DIR;4.60092055748899;-74.0704999439768;VAL COORD
1477;HOTEL CONFORT 80 LA CASTELLANA;CL 95 45 A 35;CL 95 45 A 35;VAL DIR;4.683608847132675;-74.05907769270787;VAL COORD
1481;CASA QUINTA HOTEL BOUTIQUE;KR 4 17 59;KR 4 17 59;VAL DIR;4.60226923804355;-74.0694506155227;VAL COORD
1482;HOTEL DALON�S COLONIAL;KR 17 31 65;KR 17 31 65;VAL DIR;4.620474749858154;-74.07294650559975;VAL COORD
1483;VIAGGIO 6.1.7. - INMOBILIRIARIA ROYAL S.A.S.;CL 61 7 18;CL 61 7 18;VAL DIR;4.646525365916195;-74.06091346838278;VAL COORD
1484;HOTEL 51;KR 7 51 A 14;KR 7 51 A 14;VAL DIR;4.63800963914835;-74.0631465425246;VAL COORD
1485;HOTEL ARISTON�S;KR 36 25 22;KR 36 25 22;VAL DIR;4.629439468316142;-74.08758147765855;VAL COORD
1486;HOTEL FIDENZI;CL 23 A 36 A 10;CL 23 A 36 A 10;VAL DIR;4.62720929743274;-74.0913225425203;VAL COORD
1490;MADELEINE SUITE;KR 43 B 22 A 70;KR 43 B 22 A 70;VAL DIR;4.6319430806473285;-74.09467260076401;VAL COORD
1491;HOTEL BOGOTA CITY;CL 24 A 43 13;CL 24 A 43 13;VAL DIR;4.632116597629535;-74.09323154785541;VAL COORD
1492;103 WONDERFULL HOUSE;KR 64 103 C 16;KR 64 103 C 16;VAL DIR;4.691740416388021;-74.06712134049282;VAL COORD
1494;DORADO SUITE;CL 38 29 40;CL 38 29 40;VAL DIR;4.626501830497649;-74.07978730789326;VAL COORD
1495;CASA DEL VALLE HOTEL;KR 18 124 50;KR 18 124 50;VAL DIR;4.703688330982587;-74.04645274625605;VAL COORD
1497;HOTEL BAVIERA S.A.;CL 32 13 32;CL 32 13 32;VAL DIR;4.619815371629834;-74.0691467225624;VAL COORD
1498;HOTEL ANDINO INN;CL 23 9 26;CL 23 9 26;VAL DIR;4.609772805849819;-74.07154717495607;VAL COORD
42;LA MANSI�N HOTEL;KR 17 102 47 /51;KR 17 102 47;VAL DIR;4.68777227870389;-74.0493848687904;VAL COORD
139;HOTEL AVENIDA JIM�NEZ;AV JIMENEZ 4 69;AV JIMENEZ 4 69;VAL DIR;4.60067582925364;-74.0705620209678;VAL COORD
153;CASA POSADA AMELIA SAN FELIPE EL DORADO;KR 73 B BIS 24 D 85;KR 73 B BIS 24 D 85;VAL DIR;4.666489641746941;-74.11552413219246;VAL COORD
30;HOTEL DEL PUENTE BOGOT�;AV BOYACA 48 A 04 /02;AV BOYACA 48 A 04;VAL DIR;4.66732966789697;-74.1105113022637;VAL COORD
29;HOTEL ELEGANT SUIT NORMANDIA;AV BOYACA 51 62;AV BOYACA 51 62;VAL DIR;4.66968001213523;-74.1081672726315;VAL COORD
229;HOTEL GAVAN E.U.;AV CARACAS 51 39;AV CARACAS 51 39;VAL DIR;4.63878091621501;-74.0667558427206;VAL COORD
227;HOTEL MAR�A ISABEL BOGOT�;DG 33 BIS A 15 05;DG 33 BIS 15 05;VAL DIR;ERR LAT;ERR LON;NOT VALID COORD
260;HOTEL MARBOR�;AV 19 96 25;AV 19 96 25;VAL DIR;ERR LAT;ERR LON;NOT VALID COORD
291;HOTEL COLONIAL BOGOT�;AV CARACAS 56 63;AV CARACAS 56 63;VAL DIR;4.64389525281106;-74.065851158134;VAL COORD
225;HOTEL TEUSACA AC;DG 33 BIS A 14 64;DG 33 BIS 14 64;VAL DIR;ERR LAT;ERR LON;NOT VALID COORD
292;HOTEL EL GRAN MARQUEZ;AV CARACAS 51 09 ;AV CARACAS 51 09;VAL DIR;4.63851714151956;-74.0668048666362;VAL COORD
251;HOTEL ROSALES PLAZA;CL 71 A 5 47;CL 71 A 5 47;VAL DIR;ERR LAT;ERR LON;NOT VALID COORD
302;VIAGGIO DORMS (URBANO) - INMOBILIRIARIA ROYAL S.A.S.;TV 4 43 95;TV 4 43 95;VAL DIR;4.630500798684375;-74.06203979478175;VAL COORD
226;POSADA COLOMBIANA  'EN SUCESI�N' ;DG 33 14 44;DG 33 14 44;VAL DIR;ERR LAT;ERR LON;NOT VALID COORD
1068;HOTEL NORMANDIA (APARTASUITENORMANDIA);AV BOYACA 51 08;AV BOYACA 51 08;VAL DIR;4.66935135903044;-74.1084978533387;VAL COORD
1086;HOTEL CASTELLANA INN;CL 94 BIS 49 A 18;CL 94 BIS 49 A 18;VAL DIR;4.6828680937347675;-74.06236303157206;VAL COORD
296;HOTEL COSMOS 100;CL 100 21 A 41;CL 100 21 A 41;VAL DIR;ERR LAT;ERR LON;NOT VALID COORD
1096;HOSTAL COLONIAL LA QUINTA;CL 12 B BIS 1 23;CL 12 B BIS 1 23;VAL DIR;4.59704925755555;-74.0691256489153;VAL COORD
1034;TEUSAQUILLO BOUTIQUE HOTEL;KR 18 A BIS 37 52;KR 18 A BIS 37 52;VAL DIR;ERR LAT;ERR LON;NOT VALID COORD
1131;HOTEL IBIS BOGOT� MUSEO;TV 6 27 85;TV 6 27 85;VAL DIR;4.61495509780309;-74.068845544239;VAL COORD
1232;HOTEL AUGUSTA;AV JIMENEZ 4 77;AV JIMENEZ 4 77;VAL DIR;4.60065566730962;-74.0706059849599;VAL COORD
1390;CASA GUADALUPE;CL 12 B BIS 1 31;CL 12 B BIS 1 31;VAL DIR;4.59708195314818;-74.0691886270232;VAL COORD
1432;CELESTIAL INN HOTEL;KR 16 17 12 SUR;KR 16 17 12 SUR;VAL DIR;4.58407917728875;-74.0995008478043;VAL COORD
1412;HOTEL ESTADIO 63;Calle 63D No 63D - 21;CL 63 D 63 D 21;VAL DIR;ERR LAT;ERR LON;NOT VALID COORD
1437;HOSTAL CASIQUE SUGAMUXI CASU;CL 12 D BIS 2 19 SEGUNDO PISO;CL 12 D BIS 2 19;VAL DIR;4.59963725857642;-74.0693458828787;VAL COORD
1440;CASA ANFITRIONA SAN FELIPE;KR 22 BIS 74 A 07;KR 22 BIS 74 A 07;VAL DIR;4.664684238780006;-74.06468650224555;VAL COORD
1493;PRISMA SUITE CHICO 94;TV 23 94 26;TV 23 94 26;VAL DIR;4.681914114690997;-74.05665542520765;VAL COORD
1455;TIP TOP HOSTEL;KR 1 BIS 12 D 78;KR 1 BIS 12 D 78;VAL DIR;4.59916453712209;-74.0680172510874;VAL COORD
1445;HOTEL MOVICH CITY BUSINESS;TV 23 98 27;TV 23 98 27;VAL DIR;4.685923027251958;-74.05641582026408;VAL COORD
