0;145001;Hogar Sagrado Corazon;CL 117 5 A 14;CL 117 5 A 14;VAL DIR;4.694115279091748;-74.030646389614;VAL COORD
1;145002;Hogar San Francisco;CL 117 6 A 22;CL 117 6 A 22;VAL DIR;4.694592443839215;-74.03190560999559;VAL COORD
2;645003;Hogar Casa Nostra;DG 50 A SUR 26 80;DG 50 A SUR 26 80;VAL DIR;4.579974573564474;-74.13474629209982;VAL COORD
3;945004;Hogar Santa Teresa Jornet;KR 97 22 G 64;KR 97 22 G 64;VAL DIR;4.67610025956751;-74.1380018970522;VAL COORD
4;1041002;Bosque Popular;KR 69 47 43;KR 69 47 43;VAL DIR;4.6607954969344725;-74.10467896180212;VAL COORD
5;260001;Chapinero;CL 50 A 13 58;CL 50 A 13 58;VAL DIR;4.6379802704578905;-74.0660269004545;VAL COORD
6;860002;Kennedy;KR 74 42 G 52 SUR;KR 74 42 G 52 SUR;VAL DIR;4.609017653272149;-74.15819162667877;VAL COORD
7;1460003;Los Martires;DG 22 B BIS 20 51;DG 22 B BIS 20 51;VAL DIR;4.61730535163344;-74.0807010565543;VAL COORD
8;360004;Santa Fe;KR 2 4 10;KR 2 4 10;VAL DIR;4.44543407606164;-74.1560043598676;VAL COORD
9;1242013;Teusaquillo;AK 19 32 A 20;AK 19 32 A 20;VAL DIR;4.621469660742601;-74.07391103907662;VAL COORD
10;142001;Usaquen;CL 165 7 38;CL 165 7 38;VAL DIR;4.741572809891373;-74.02313402617061;VAL COORD
11;242002;Chapinero;CL 50 A 13 58;CL 50 A 13 58;VAL DIR;4.6379802704578905;-74.0660269004545;VAL COORD
12;342003;Santafe - Candelaria;KR 2 4 10;KR 2 4 10;VAL DIR;4.44543407606164;-74.1560043598676;VAL COORD
13;542005;Usme - Sumapaz;AC 91 SUR 3 C 34 ESTE;AC 91 SUR 3 C 34 ESTE;VAL DIR;4.50140006757026;-74.1096894008225;VAL COORD
14;642006;Tunjuelito;DG 47 A SUR 53 92;DG 47 A SUR 53 92;VAL DIR;4.59309191910064;-74.1411310254152;VAL COORD
15;742007;Bosa;CL 73 SUR 81 B 10;CL 73 SUR 81 B 10;VAL DIR;4.611146571433985;-74.19704270587242;VAL COORD
16;842008;Kennedy;CL 38 SUR 94 C 29;CL 38 SUR 94 C 29;VAL DIR;4.64577340603798;-74.1713094113848;VAL COORD
17;942009;Fontibon;KR 104 B 22 J 15;KR 104 B 22 J 15;VAL DIR;4.6819765480389215;-74.14173386116015;VAL COORD
18;1142011;Suba;KR 91 146 C 15;KR 91 146 C 15;VAL DIR;4.74092069763429;-74.0842818701484;VAL COORD
19;1242012;Barrios Unidos;KR 58 67 D 31;KR 58 67 D 31;VAL DIR;4.66986581547793;-74.0810575015435;VAL COORD
20;1842014;Rafael Uribe Uribe;KR 15 C 31 G 40 SUR;KR 15 C 31 G 40 SUR;VAL DIR;4.575068777260865;-74.11141183435544;VAL COORD
21;1442015;Martires;DG 22 B BIS 20 51;DG 22 B BIS 20 51;VAL DIR;4.61730535163344;-74.0807010565543;VAL COORD
22;1642016;Puente Aranda - Antonio Nari�o;KR 33 4 A 23;KR 33 4 A 23;VAL DIR;4.607547863526558;-74.10354002159546;VAL COORD
23;1835001;ESCNNA Rafael Uribe Uribe;KR 11 A 30 22 SUR;KR 11 A 30 22 SUR;VAL DIR;4.5712323562874895;-74.10244307615771;VAL COORD
24;1435002;ESCNNA Martires;KR 19 A 22 B 14;KR 19 A 22 B 14;VAL DIR;4.61615074204009;-74.0799393053699;VAL COORD
25;1306013;Teusaquillo;AK 19 32 A 20;AK 19 32 A 20;VAL DIR;4.621469660742601;-74.07391103907662;VAL COORD
26;106001;Usaquen;CL 165 7 38;CL 165 7 38;VAL DIR;4.741572809891373;-74.02313402617061;VAL COORD
27;206002;Chapinero;CL 50 A 13 58;CL 50 A 13 58;VAL DIR;4.6379802704578905;-74.0660269004545;VAL COORD
28;306003;Santafe - Candelaria;KR 2 4 10;KR 2 4 10;VAL DIR;4.44543407606164;-74.1560043598676;VAL COORD
29;506005;Usme - Sumapaz;AC 91 SUR 3 C 34 ESTE;AC 91 SUR 3 C 34 ESTE;VAL DIR;4.50140006757026;-74.1096894008225;VAL COORD
30;606006;Tunjuelito;DG 47 A SUR 53 92;DG 47 A SUR 53 92;VAL DIR;4.59309191910064;-74.1411310254152;VAL COORD
31;706007;Bosa;CL 73 SUR 81 B 10;CL 73 SUR 81 B 10;VAL DIR;4.611146571433985;-74.19704270587242;VAL COORD
32;806008;Kennedy;CL 38 SUR 94 C 29;CL 38 SUR 94 C 29;VAL DIR;4.64577340603798;-74.1713094113848;VAL COORD
33;906009;Fontibon;KR 104 B 22 J 15;KR 104 B 22 J 15;VAL DIR;4.6819765480389215;-74.14173386116015;VAL COORD
34;1106011;Suba;KR 91 146 C 15;KR 91 146 C 15;VAL DIR;4.74092069763429;-74.0842818701484;VAL COORD
35;1206012;Barrios Unidos;KR 58 67 D 31;KR 58 67 D 31;VAL DIR;4.66986581547793;-74.0810575015435;VAL COORD
36;1806014;Rafael Uribe Uribe;KR 15 C 31 G 40 SUR;KR 15 C 31 G 40 SUR;VAL DIR;4.575068777260865;-74.11141183435544;VAL COORD
37;1406015;Martires;DG 22 B BIS 20 51;DG 22 B BIS 20 51;VAL DIR;4.61730535163344;-74.0807010565543;VAL COORD
38;1606016;Puente Aranda - Antonio Nari�o;KR 33 4 A 23;KR 33 4 A 23;VAL DIR;4.607547863526558;-74.10354002159546;VAL COORD
39;316001;CAVIF;KR 13 18 34;KR 13 18 34;VAL DIR;4.60739998559364;-74.0756313304154;VAL COORD
40;317001;CAIVAS;DG 34 5 18;DG 34 5 18;VAL DIR;4.620838548285613;-74.06513119577168;VAL COORD
41;880001;Centro Amar Chapinero;CL 59 6 24;CL 59 6 24;VAL DIR;4.6441616867476;-74.0612030663115;VAL COORD
42;880002;Centro Amar Corabastos;AK 80 43 43 SUR;AK 80 43 43 SUR;VAL DIR;4.62093443971396;-74.1664300191861;VAL COORD
43;980003;Centro Amar Fontibon;KR 123 A 17 F 56;KR 123 A 17 F 56;VAL DIR;4.6894193280437895;-74.15723945124459;VAL COORD
44;1880004;Centro Amar Rafael Uribe;TV 5 Q 48 J 24 SUR;TV 5 Q 48 J 24 SUR;VAL DIR;4.558086477910832;-74.11388912034506;VAL COORD
45;1480005;Centro Amar Martires I;KR 15 BIS 18 37;KR 15 BIS 18 37;VAL DIR;4.60877854322715;-74.0775324739235;VAL COORD
46;1480006;Centro Amar Martires II;CL 22 D 17 24;CL 22 D 17 24;VAL DIR;4.61335218944277;-74.07687617229091;VAL COORD
47;1780007;Centro Amar Candelaria;CL 9 3 57;CL 9 3 57;VAL DIR;4.59456709820252;-74.0733865325005;VAL COORD
48;480008;Centro Amar San Cristobal;CL 31 C SUR 0 25 ESTE;CL 31 C SUR 0 25 ESTE;VAL DIR;4.561207568643703;-74.0937166535371;VAL COORD
49;580009;Centro Amar Usme;KR 1 A ESTE 75 26 SUR;KR 1 A ESTE 75 26 SUR;VAL DIR;4.51449452910285;-74.11473178288821;VAL COORD
50;1180010;Centro Amar Suba;KR 100 A 137 A 05;KR 100 A 137 A 05;VAL DIR;4.73885814027697;-74.0941718672382;VAL COORD
51;190001;Centro Crecer Usaqu�n;CL 165 7 38;CL 165 7 38;VAL DIR;4.741572809891373;-74.02313402617061;VAL COORD
52;390004;Centro Crecer La Victoria;CL 32 A SUR 7 32 ESTE;CL 32 A SUR 7 32 ESTE;VAL DIR;4.557735938029539;-74.08687359188755;VAL COORD
53;590005;Centro Crecer Tejares;KR 2 ESTE 75 A 22 SUR;KR 2 ESTE 75 A 22 SUR;VAL DIR;4.51460711285475;-74.1111423430122;VAL COORD
54;690006;Centro Crecer Tunjuelito;DG 53 SUR 59 57;DG 53 SUR 59 57;VAL DIR;4.58488311180003;-74.1479896767361;VAL COORD
55;790007;Centro Crecer Bosa;KR 81 C 68 A 24 SUR;KR 81 C 68 A 24 SUR;VAL DIR;4.61062382128751;-74.1919372935997;VAL COORD
56;990009;Centro Crecer  Fontib�n;CL 22 F 106 28;CL 22 F 106 28;VAL DIR;4.68128969326156;-74.1441565317297;VAL COORD
57;1090010;Centro Crecer Engativ�;KR 70 48 29;KR 70 48 29;VAL DIR;4.6641939076706;-74.1086572031597;VAL COORD
58;1190011;Centro Crecer La Gaitana;KR 125 B 131 A 10;KR 125 B 131 A 10;VAL DIR;4.739439875353375;-74.10898028292875;VAL COORD
59;1190012;Centro Crecer  Rinc�n;KR 95 A 130 81;KR 95 A 130 81;VAL DIR;4.729322455062316;-74.09320652761275;VAL COORD
60;1890013;Centro Crecer Rafael Uribe;CL 31 G SUR 15 63;CL 31 G SUR 15 63;VAL DIR;4.574564397385505;-74.1106080726125;VAL COORD
61;1490014;Centro Crecer M�rtires;AC 1 24 B 26;AC 1 24 B 26;VAL DIR;4.594852971336349;-74.09766897687003;VAL COORD
62;1490015;Centro Crecer Arborizadora Alta;KR 21 63 08 SUR;KR 21 63 08 SUR;VAL DIR;4.56530844930013;-74.14535824469137;VAL COORD
63;390003;Centro Crecer La Paz;CL 65 A 1 60;CL 65 A 1 60;VAL DIR;4.646696367371051;-74.05441099552102;VAL COORD
64;390002;Centro Crecer Lourdes;KR 2 4 10;KR 2 4 10;VAL DIR;4.44543407606164;-74.1560043598676;VAL COORD
65;890008;Centro Crecer Kennedy;KR 74 42 G 52 SUR;KR 74 42 G 52 SUR;VAL DIR;4.609017653272149;-74.15819162667877;VAL COORD
66;1296001;Casa de la Juventud Barrios Unidos;KR 55 70 A 33;KR 55 70 A 33;VAL DIR;4.668644000103748;-74.07794715488997;VAL COORD
67;1496002;Casa de la Juventud Martires (Cacma);CL 24 27 A 31;CL 24 27 A 31;VAL DIR;4.622483128393413;-74.08125202354495;VAL COORD
68;1596003;Casa de la Juventud Juvenil Restrepo;KR 20 19 26 SUR;KR 20 19 26 SUR;VAL DIR;4.58503740118561;-74.1031801110785;VAL COORD
69;996004;Casa de la Juventud Fontibon - el Pedregal;KR 112 B 20 C 29;KR 112 B 20 C 29;VAL DIR;4.684492320455231;-74.14908527684902;VAL COORD
70;465001;Centro de Atenci�n Integral a la Diversidad Sexual M�rtires;KR 14 21 05;KR 14 21 05;VAL DIR;4.6102774579956;-74.0756234526775;VAL COORD
71;1365002;CAIDS Sebastian Romero;TV 17 A BIS 36 74;TV 17 A BIS 36 74;VAL DIR;4.625912613543613;-74.07229462189291;VAL COORD
72;520005;Centro de Desarrollo Comunitario Julio Cesar Sanchez;AC 91 SUR 3 C 34 ESTE;AC 91 SUR 3 C 34 ESTE;VAL DIR;4.50140006757026;-74.1096894008225;VAL COORD
73;1820011;Centro de Desarrollo Comunitario Samore;CL 41 A SUR 31 46;CL 41 A SUR 31 46;VAL DIR;4.587025721729936;-74.1253074102147;VAL COORD
74;1620014;Centro de Desarrollo Comunitario Asuncion;KR 32 A 1 H 6;KR 32 A 1 H 6;VAL DIR;4.60345956709834;-74.1056800452443;VAL COORD
75;120001;Centro de Desarrollo Comunitario Simon Bolivar;CL 165 7 52;CL 165 7 52;VAL DIR;4.742214737105801;-74.02406160667822;VAL COORD
76;320002;Centro de Desarrollo Comunitario Lourdes;KR 2 3 00;KR 2 3 00;VAL DIR;4.58789412484865;-74.0745183392255;VAL COORD
77;620007;Centro de Desarrollo Comunitario Pablo De Tarso;DG 47 A SUR 53 92;DG 47 A SUR 53 92;VAL DIR;4.59309191910064;-74.1411310254152;VAL COORD
78;702008;Centro de Desarrollo Comunitario El Porvenir;KR 100 52 24 SUR;KR 100 52 24 SUR;VAL DIR;4.642768292176268;-74.18862788984704;VAL COORD
79;920009;Centro de Desarrollo Comunitario La Giralda;KR 104 B 22 J 15;KR 104 B 22 J 15;VAL DIR;4.6819765480389215;-74.14173386116015;VAL COORD
80;1820012;Centro de Desarrollo Comunitario Colinas;KR 15 C 31 G 40 SUR;KR 15 C 31 G 40 SUR;VAL DIR;4.575068777260865;-74.11141183435544;VAL COORD
81;820016;Centro de Desarrollo Comunitario Lago Timiza;KR 74 42 G 52 SUR;KR 74 42 G 52 SUR;VAL DIR;4.609017653272149;-74.15819162667877;VAL COORD
82;820017;Centro de Desarrollo Comunitario Bellavista;CL 38 SUR 94 C 29;CL 38 SUR 94 C 29;VAL DIR;4.64577340603798;-74.1713094113848;VAL COORD
83;820018;Centro de Desarrollo Comunitario Kennedy;AK 80 43 43 SUR;AK 80 43 43 SUR;VAL DIR;4.62093443971396;-74.1664300191861;VAL COORD
84;1614018;Cundinamarca;CL 19 A 34 94;CL 19 A 34 94;VAL DIR;4.62263596580815;-74.0915681253697;VAL COORD
85;1003003;Discapacidad Cognitiva - Apoyos Extensos;CL 71 A 95 31;CL 71 A 95 31;VAL DIR;4.698753561227453;-74.1142344083263;VAL COORD
86;1003006;Discapacidad Cognitiva Leve y Moderada;KR 69 F 65 83;KR 69 F 65 83;VAL DIR;4.67596992024312;-74.094150121386;VAL COORD
87;403001;Discapacidad Cognitiva - Apoyos Generalizados;AC 11 SUR 1 B 10 ESTE;AC 11 SUR 1 B 10 ESTE;VAL DIR;4.574827944014608;-74.08035480837768;VAL COORD
88;903002;Discapacidad Cognitiva - Apoyos Intermitentes o Limitados;CL 22 G 96 I 42;CL 22 G 96 I 42;VAL DIR;4.675438450917093;-74.13794304702516;VAL COORD
89;1103004;Discapacidad Fidica y Discapacidad Cognitiva -Apoyos Extensos;KR 90 149 73;KR 90 149 73;VAL DIR;4.74493953392371;-74.0828632714784;VAL COORD
90;903005;Discapacidad Cognitiva - Apoyos Intermitentes o Limitados;CL 23 H BIS 104 B 79;CL 23 H BIS 104 B 79;VAL DIR;4.684927608894039;-74.13944797436888;VAL COORD
91;1303007;Discapacidad Cognitiva Leve y Moderada;KR 26 61 F 19;KR 26 61 F 19;VAL DIR;4.650012870575708;-74.0738188736659;VAL COORD
92;1503008;Discapacidad Cognitiva Leve y Moderada;KR 12 B 7 6 SUR;KR 12 B 7 6 SUR;VAL DIR;4.586497532848917;-74.09118563334287;VAL COORD
93;803009;Discapacidad Cognitiva Leve y Moderada;TV 78 H 45 59 SUR;TV 78 H 45 59 SUR;VAL DIR;4.614822260982567;-74.16529771144305;VAL COORD
94;1803010;Discapacidad M�ltiple;CL 24 SUR 24 G 43;CL 24 SUR 24 G 43;VAL DIR;4.58641676340827;-74.1084226051438;VAL COORD
95;111001;Usaquen;CL 165 7 38;CL 165 7 38;VAL DIR;4.741572809891373;-74.02313402617061;VAL COORD
96;1311013;Teusaquillo;AK 19 32 A 20;AK 19 32 A 20;VAL DIR;4.621469660742601;-74.07391103907662;VAL COORD
97;211002;Chapinero;CL 50 A 13 58;CL 50 A 13 58;VAL DIR;4.6379802704578905;-74.0660269004545;VAL COORD
98;311003;Santafe - Candelaria;KR 2 4 10;KR 2 4 10;VAL DIR;4.44543407606164;-74.1560043598676;VAL COORD
99;511005;Usme - Sumapaz;AC 91 SUR 3 C 34 ESTE;AC 91 SUR 3 C 34 ESTE;VAL DIR;4.50140006757026;-74.1096894008225;VAL COORD
100;611006;Tunjuelito;DG 47 A SUR 53 92;DG 47 A SUR 53 92;VAL DIR;4.59309191910064;-74.1411310254152;VAL COORD
101;711007;Bosa;CL 73 SUR 81 B 10;CL 73 SUR 81 B 10;VAL DIR;4.611146571433985;-74.19704270587242;VAL COORD
102;811008;Kennedy;CL 38 SUR 94 C 29;CL 38 SUR 94 C 29;VAL DIR;4.64577340603798;-74.1713094113848;VAL COORD
103;911009;Fontibon;KR 104 B 22 J 15;KR 104 B 22 J 15;VAL DIR;4.6819765480389215;-74.14173386116015;VAL COORD
104;1111011;Suba;KR 91 146 C 15;KR 91 146 C 15;VAL DIR;4.74092069763429;-74.0842818701484;VAL COORD
105;1211012;Barrios Unidos;KR 58 67 D 31;KR 58 67 D 31;VAL DIR;4.66986581547793;-74.0810575015435;VAL COORD
106;1811014;Rafael Uribe Uribe;KR 15 C 31 G 40 SUR;KR 15 C 31 G 40 SUR;VAL DIR;4.575068777260865;-74.11141183435544;VAL COORD
107;1411015;Martires;DG 22 B BIS 20 51;DG 22 B BIS 20 51;VAL DIR;4.61730535163344;-74.0807010565543;VAL COORD
108;1611016;Puente Aranda - Antonio Nari�o;KR 33 4 A 23;KR 33 4 A 23;VAL DIR;4.607547863526558;-74.10354002159546;VAL COORD
109;297001;Juan XXIII;CL 65 A 1 60;CL 65 A 1 60;VAL DIR;4.646696367371051;-74.05441099552102;VAL COORD
110;440001;CIP La Maria;KR 3 A 10 26 SUR;KR 3 A 10 26 SUR;VAL DIR;4.57698267898452;-74.0835503908903;VAL COORD
111;1640002;CIP Antonia Santos;CL 4 53 F 18;CL 4 53 F 18;VAL DIR;4.61930833799763;-74.117551613341;VAL COORD
112;1040003;CIP Jairo Anibal Ni�o;CL 52 A 71 20;CL 52 A 71 20;VAL DIR;4.669432135342156;-74.1056705929353;VAL COORD
113;1040004;CIP Camilo Torres;KR 73 BIS 48 33;KR 73 BIS 48 33;VAL DIR;4.6696583874947715;-74.11197479296001;VAL COORD
114;1040005;CIP Hogar Renacer;KR 77 BIS 64 I 50;KR 77 BIS 64 I 50;VAL DIR;4.683124831373827;-74.10490073795427;VAL COORD
115;1440006;Curnna (Centro Unico de Recepcion de Ni�os Ni�as y Adolescentes);AC 1 24 C 10;AC 1 24 C 10;VAL DIR;4.595198082039848;-74.0982533436619;VAL COORD
116;1540007;CIP Alvaro Lopez Pardo;KR 11 B 12 42 SUR;KR 11 B 12 42 SUR;VAL DIR;4.583009261548192;-74.09267659196408;VAL COORD
117;1447001;Centro Noche M�rtires;CL 10 26 69;CL 10 26 69;VAL DIR;4.607778679246816;-74.09226213590361;VAL COORD
118;1046003;Bosque Popular - Centro D�a Engativa;KR 69 47 43;KR 69 47 43;VAL DIR;4.6607954969344725;-74.10467896180212;VAL COORD
119;1146008;Centro D�a Suba;CL 135 140 B 05;CL 135 140 B 05;VAL DIR;4.745310839780741;-74.11565721829867;VAL COORD
120;1446009;Centro D�a  M�rtires;KR 18 B 22 D 40;KR 18 B 22 D 40;VAL DIR;4.61543254156643;-74.0780273124315;VAL COORD
121;746002;Bosa - Centro D�a;KR 100 52 24 SUR;KR 100 52 24 SUR;VAL DIR;4.642768292176268;-74.18862788984704;VAL COORD
122;846004;Lago Timiza - Centro D�a Kennedy;KR 74 42 G 52 SUR;KR 74 42 G 52 SUR;VAL DIR;4.609017653272149;-74.15819162667877;VAL COORD
123;146006;Sim�n Bol�var - Centro D�a Usaqu�n;CL 165 7 52;CL 165 7 52;VAL DIR;4.742214737105801;-74.02406160667822;VAL COORD
124;348010;Centro D�a Santa Fe;KR 2 4 10;KR 2 4 10;VAL DIR;4.44543407606164;-74.1560043598676;VAL COORD
125;1934001;Centro Responsabilidad Penal Adolescente Ciudad Bolivar;KR 44 58 C 90 SUR;KR 44 58 C 90 SUR;VAL DIR;4.575013787557019;-74.15128121593148;VAL COORD
126;1134002;Centro Responsabilidad Penal Adolescente Suba;KR 98 136 43;KR 98 136 43;VAL DIR;4.7373404599856785;-74.09175192163842;VAL COORD
127;472001;San Blas;KR 3 ESTE 18 51 SUR;KR 3 ESTE 18 51 SUR;VAL DIR;4.57229088081348;-74.0856201182545;VAL COORD
128;572002;Usme;KR 3 C ESTE 91 25 SUR;KR 3 C ESTE 91 25 SUR;VAL DIR;4.501921838815118;-74.11016993592204;VAL COORD
129;772003;Bosa;CL 65 SUR 77 G 27;CL 65 SUR 77 G 27;VAL DIR;4.597637753121473;-74.18062452684316;VAL COORD
130;1472004;La Rioja;CL 4 14 14;CL 4 14 14;VAL DIR;4.5956560679974;-74.0859888300482;VAL COORD
131;1972005;Perdomo;AK 70 C 60 B 5 SUR;AK 70 C 60 B 5 SUR;VAL DIR;4.591713123714928;-74.16207252277343;VAL COORD
132;1972006;Arborizadora Alta;KR 43 69 I 25 SUR;KR 43 69 I 25 SUR;VAL DIR;4.569237393698279;-74.15748291218424;VAL COORD
133;170001;Verbenal;TV 18 B 187 43;TV 18 B 187 43;VAL DIR;4.76503946607175;-74.0395146589669;VAL COORD
134;170002;Estrellita;CL 189 B 3 A 23;CL 189 B 3 A 23;VAL DIR;4.76647397074414;-74.0240812818658;VAL COORD
135;170003;Soratama;CL 167 C 2 A 7;CL 167 C 2 A 7;VAL DIR;4.74374096801814;-74.0178883701475;VAL COORD
136;370004;La Paz;CL 23 B 1 40;CL 23 B 1 40;VAL DIR;4.6070650311323;-74.0651239719783;VAL COORD
137;270005;Lourdes;AV CARACAS 56 32;AV CARACAS 56 32;VAL DIR;4.64356089090869;-74.0655509714771;VAL COORD
138;270007;Moraci;CL 98 5 78 ESTE;CL 98 5 78 ESTE;VAL DIR;4.669788650734194;-74.02246830410267;VAL COORD
139;470008;El Triunfo;KR 3 ESTE 50 A 43 SUR;KR 3 ESTE 50 A 43 SUR;VAL DIR;4.539609530516607;-74.09771817914721;VAL COORD
140;1470010;Santa Fe;KR 15 23 27;KR 15 23 27;VAL DIR;4.61233545258623;-74.07523398281194;VAL COORD
141;370011;Ramirez;KR 1 2 B 21;KR 1 2 B 21;VAL DIR;4.587423760608741;-74.07426655775093;VAL COORD
142;370012;Aguas I y Aguas II;CL 22 0 24 ESTE;CL 22 0 24 ESTE;VAL DIR;4.604441793413194;-74.06510015877242;VAL COORD
143;370013;Perseverancia;CL 31 4 55;CL 31 4 55;VAL DIR;4.616360843654645;-74.06536156244107;VAL COORD
144;370014;Cruces II;KR 9 1 C 70;KR 9 1 C 70;VAL DIR;4.5899199371132005;-74.08269602978349;VAL COORD
145;370015;Veracruz;KR 12 20 81;KR 12 20 81;VAL DIR;4.608998098854163;-74.07352199388755;VAL COORD
146;370016;Alameda;CL 23 12 75;CL 23 12 75;VAL DIR;4.61032034529264;-74.0730180947797;VAL COORD
147;470017;Juan Rey;TV 14 ESTE 69 A 84 SUR;TV 14 ESTE 69 A 84 SUR;VAL DIR;4.521880266156646;-74.08801432555579;VAL COORD
148;470018;San Martin de Loba;DG 41 SUR 2 A 77;DG 41 SUR 2 A 77;VAL DIR;4.55408646501333;-74.1007272468997;VAL COORD
149;470019;Antioquia;TV 7 B ESTE 48 9 SUR;TV 7 B ESTE 48 9 SUR;VAL DIR;4.540848562251882;-74.09238873202777;VAL COORD
150;470020;Puente Colorado;TV 16 B ESTE 42 C 55 SUR;TV 16 B ESTE 42 C 55 SUR;VAL DIR;4.54368667174107;-74.0804904454295;VAL COORD
151;470021;Altos del Poblado;Calle 40 SUR # 11 - 0;CL 40 SUR 11 0;VAL DIR;4.56395742864323;-74.1083662994853;VAL COORD
152;470023;Veinte de Julio;KR 5 A 29 22 SUR;KR 5 A 29 22 SUR;VAL DIR;4.567446803978982;-74.09584835373217;VAL COORD
153;470024;Buenos Aires;KR 5 ESTE 8 70 SUR;KR 5 ESTE 8 70 SUR;VAL DIR;4.57473556331619;-74.0787179907555;VAL COORD
154;470025;Atenas;KR 2 ESTE 36 F 26 SUR;KR 2 ESTE 36 F 26 SUR;VAL DIR;4.55751208842636;-74.093701281279;VAL COORD
155;470026;La Joyita;KR 1 32 74 SUR;KR 1 32 74 SUR;VAL DIR;4.56025204072184;-74.0949590291543;VAL COORD
156;470027;Amapolas;KR 12 C ESTE 29 9 SUR;KR 12 C ESTE 29 9 SUR;VAL DIR;4.56138705123615;-74.0804750921217;VAL COORD
157;470028;Santa Ines;KR 5 ESTE 29 70 SUR;KR 5 ESTE 29 70 SUR;VAL DIR;4.56167720000676;-74.0881124749608;VAL COORD
158;570029;Barranquillita;CL 69 D SUR 3 15;CL 69 D SUR 3 15;VAL DIR;4.52384396912236;-74.1205909122716;VAL COORD
159;570030;Virrey Chuniza;AC 91 SUR 3 C 34 ESTE;AC 91 SUR 3 C 34 ESTE;VAL DIR;4.50140006757026;-74.1096894008225;VAL COORD
160;570032;El Bosque;TV 7 ESTE 82 21 SUR;TV 7 ESTE 82 21 SUR;VAL DIR;4.504998723298566;-74.10158422798348;VAL COORD
161;570034;Juan Jose Rondon;CL 90 SUR 14 A 21 ESTE;CL 90 SUR 14 A 21 ESTE;VAL DIR;4.50055829450019;-74.0869189123234;VAL COORD
162;570035;Villa Rosita;CL 87 A SUR 22 58 ESTE;CL 87 A SUR 22 58 ESTE;VAL DIR;4.502290491964163;-74.08181620766695;VAL COORD
163;570036;Nutriendo Hoy Como Futuro;KR 14 ESTE 76 79 SUR;KR 14 ESTE 76 79 SUR;VAL DIR;4.513326084035445;-74.09121514578858;VAL COORD
164;570037;Semillas de Anta�o;KR 14 ESTE 76 D 33 SUR;KR 14 ESTE 76 D 33 SUR;VAL DIR;4.512192784970456;-74.09101878796461;VAL COORD
165;570039;Lorenzo Alcantuz;KR 5 B 102 A 18 SUR;KR 5 B 102 A 18 SUR;VAL DIR;4.49531361348714;-74.1149297839937;VAL COORD
166;570040;Villa Alemania;CL 111 A SUR 5 C 51 ESTE;CL 111 A SUR 5 C 51 ESTE;VAL DIR;4.490034459648103;-74.11162923009874;VAL COORD
167;670041;San Vicente Ferrer;CL 55 A SUR 33 33;CL 55 A SUR 33 33;VAL DIR;4.582545578027281;-74.14212097003339;VAL COORD
168;670042;El Carmen II;CL 47 B SUR 28 62;CL 47 B SUR 28 62;VAL DIR;4.583625423101097;-74.13065094641605;VAL COORD
169;670043;Isla del Sol;CL 66 SUR 65 A 8;CL 66 SUR 65 A 8;VAL DIR;4.588767490546317;-74.15516677834685;VAL COORD
170;670044;Santa Lucia Sur;CL 47 SUR 19 72;CL 47 SUR 19 72;VAL DIR;4.57085869777068;-74.1257854843815;VAL COORD
171;770045;Nuevo Chile;KR 71 D 56 D 24 SUR;KR 71 D 56 D 24 SUR;VAL DIR;4.60029388011839;-74.1631897860336;VAL COORD
172;770047;Bosanova;KR 87 BIS 59 C 20 SUR;KR 87 BIS 59 C 20 SUR;VAL DIR;4.621495830461029;-74.1885334323738;VAL COORD
173;770048;San Pedro;KR 87 B 66 C 8 SUR;KR 87 B 66 C 8 SUR;VAL DIR;4.621012044383556;-74.19268205112715;VAL COORD
174;770050;Potreritos;KR 88 J 78 8 SUR;KR 88 J 78 8 SUR;VAL DIR;4.62265306629429;-74.2046502513357;VAL COORD
175;770051;San Bernardino;CL 78 SUR 88 F 10;CL 78 SUR 88 F 10;VAL DIR;4.6217734586123;-74.2042306848048;VAL COORD
176;770052;Comuneros;KR 89A 49D 01 SUR;KR 89 A 49 D 01 SUR;VAL DIR;4.63345941669229;-74.1810544407513;VAL COORD
177;770053;Bosques de Maryland;CL 74 B SUR 88 A 91;CL 74 B SUR 88 A 91;VAL DIR;4.62146945021821;-74.2023797682949;VAL COORD
178;770054;San Eugenio;CL 85 A SUR 77 G 15 M1 INT 1;CL 85 A SUR 77 G 15;VAL DIR;4.611068550858046;-74.21216423026628;VAL COORD
179;770056;Brasilia;CL 51 SUR 87 D 50;CL 51 SUR 87 D 50;VAL DIR;4.628815359224683;-74.18009785461196;VAL COORD
180;870086;Villa Liliana;CL 16 B 81 G 45;CL 16 B 81 G 45;VAL DIR;4.656497152398211;-74.13647739337955;VAL COORD
181;870087;Saucedal;CL 38 A SUR 82 A 69;CL 38 A SUR 82 A 69;VAL DIR;4.63375942374803;-74.16289301746417;VAL COORD
182;870088;Perpetuo Socorro;KR 78D 47B 66 SUR;KR 78 D 47 B 66 SUR;VAL DIR;4.612215983291777;-74.16544536565061;VAL COORD
183;870089;Timiza;KR 78 A 43 37 SUR;KR 78 A 43 37 SUR;VAL DIR;4.612139809245176;-74.16196702767037;VAL COORD
184;870091;Alqueria  la Fragua;KR 68 F 37 F 20 SUR;KR 68 F 37 F 20 SUR;VAL DIR;4.604423024169932;-74.13666791075309;VAL COORD
185;870092;Amparo Ca�izarez;CL 41 SUR 80 I 7;CL 41 SUR 80 I 7;VAL DIR;4.627016576607655;-74.16265142368212;VAL COORD
186;870093;El Amparo;KR 81 F 42 37 SUR;KR 81 F 42 37 SUR;VAL DIR;4.627079042163405;-74.16587128641395;VAL COORD
187;870094;Villas de la Loma;KR 81 G 42 D 3 SUR;KR 81 G 42 D 3 SUR;VAL DIR;4.626278998228258;-74.1674641933854;VAL COORD
188;870095;Villas de Kennedy;DG 54 A SUR 81 G 92;DG 54 A SUR 81 G 92;VAL DIR;4.619658881288635;-74.17811257039261;VAL COORD
189;970096;La Giralda;CL 23 109 A 15;CL 23 109 A 15;VAL DIR;4.684912855620137;-74.14403808359002;VAL COORD
190;970097;Prados de Alameda;KR 137 A 17 A 59;KR 137 A 17 A 59;VAL DIR;4.6965658127647405;-74.16926603431654;VAL COORD
191;970098;Selva Dorada;CL 22 K 123 3;CL 22 K 123 3;VAL DIR;4.6934593556712745;-74.15188777756148;VAL COORD
192;970099;Zona Franca La Estancia;CL 14 B 119 A 71;CL 14 B 119 A 71;VAL DIR;4.680843083194509;-74.1668776256491;VAL COORD
193;970100;Flandes;KR 111 A 17 A 14;KR 111 A 17 A 14;VAL DIR;4.680311470592659;-74.15126428609398;VAL COORD
194;1070101;Garces Navas;CL 76 A 104 18;CL 76 A 104 18;VAL DIR;4.710048361211804;-74.11701786425725;VAL COORD
195;1070102;Luis Carlos Galan;KR 94 G 93 27;KR 94 G 93 27;VAL DIR;4.715954058794125;-74.09737594547767;VAL COORD
196;1070103;Laureles;CL 63 F 113 A 16;CL 63 F 113 A 16;VAL DIR;4.707073048070381;-74.13923453523653;VAL COORD
197;1070104;San Ignacio;DG 47 75 8;DG 47 75 8;VAL DIR;4.672388335431091;-74.11306418699098;VAL COORD
198;1070105;Boyaca Real;KR 74 A 68 A 15;KR 74 A 68 A 15;VAL DIR;4.685000174762523;-74.10046948131769;VAL COORD
199;1070106;La Florida;KR 89 68 A 8;KR 89 68 A 8;VAL DIR;4.692750526008928;-74.11068177674008;VAL COORD
200;1070107;Las Ferias;CL 79 69 Q 55;CL 79 69 Q 55;VAL DIR;4.6896907018782725;-74.08568897140742;VAL COORD
201;1070108;La Estrada;KR 69 C 69 75;KR 69 C 69 75;VAL DIR;4.67955352641785;-74.09126735569451;VAL COORD
202;1170109;San Carlos de Tibabuyes;Carrera 140 A # 142 - 41;KR 140 A 142 41;VAL DIR;4.748122447141615;-74.11504036815337;VAL COORD
203;1170110;Taberin;CL 129 F 87 18;CL 129 F 87 18;VAL DIR;4.724898146249931;-74.0851862644973;VAL COORD
204;1170111;Rincon Rubi;CL 128 94 3;CL 128 94 3;VAL DIR;4.7234318608388595;-74.09563322059758;VAL COORD
205;1170113;Lisboa;CL 136 154 10;CL 136 154 10;VAL DIR;4.743584099713003;-74.12494070091256;VAL COORD
206;1170114;Fontanar del Rio;CL 144 141 C 30;CL 144 141 C 30;VAL DIR;4.752817843339902;-74.11477195352758;VAL COORD
207;1170115;La Aguadita;CL 128 86 C 38;CL 128 86 C 38;VAL DIR;4.719287680433267;-74.0866225249631;VAL COORD
208;1170116;Ca�iza;CL 128 A BIS 121 B 20;CL 128 A BIS 121 B 20;VAL DIR;4.7320300177716526;-74.10697506887904;VAL COORD
209;1170117;Caminos de La Esperanza;CL 157 96A 16;CL 157 96 A 16;VAL DIR;4.755088455951203;-74.08311089951818;VAL COORD
210;1170118;Las Flores;KR 108 A 140 45;KR 108 A 140 45;VAL DIR;4.743927740009581;-74.10006645635663;VAL COORD
211;1870120;Palermo Sur;CL 51 SUR 1 B 71 ESTE;CL 51 SUR 1 B 71 ESTE;VAL DIR;4.541048558146694;-74.10888102536569;VAL COORD
212;1870121;Diana Turbay Sector Lanceros;KR 3 B 48 R 56 SUR;KR 3 B 48 R 56 SUR;VAL DIR;4.54851046199579;-74.10783441405671;VAL COORD
213;1870122;Diana Turbay Sector Plan Especial;CL 48 Z SUR 5 C 77;CL 48 Z SUR 5 C 77;VAL DIR;4.5498807000728485;-74.11236015922832;VAL COORD
214;1870123;Diana Turbay Sector Comuneros;CL 48 Z SUR 2 C 16;CL 48 Z SUR 2 C 16;VAL DIR;4.54598162440599;-74.1081748303881;VAL COORD
215;1870124;Los Puentes;CL 48 P SUR 1 D 36;CL 48 P SUR 1 D 36;VAL DIR;4.54825163665043;-74.1039972501924;VAL COORD
216;1870125;Diana Turbay Sector Valle;KR 1 48 Q 30 SUR;KR 1 48 Q 30 SUR;VAL DIR;4.546110657250069;-74.10423922946623;VAL COORD
217;1870127;Ingles;CL 41 SUR 26 87;CL 41 SUR 26 87;VAL DIR;4.58340037923275;-74.1236273598644;VAL COORD
218;1870128;Taza y Pan (Libertador);CL 35 SUR 25 24;CL 35 SUR 25 24;VAL DIR;4.583731739509376;-74.11806596879178;VAL COORD
219;1870131;Govarova;KR 7 49 F 14 SUR;KR 7 49 F 14 SUR;VAL DIR;4.55733776682716;-74.1194128113625;VAL COORD
220;1870133;Resurreccion;DG 32 C SUR 12 D 34;DG 32 C SUR 12 D 34;VAL DIR;4.57000005160111;-74.1111806010504;VAL COORD
221;1870134;Villas del Sol;CL 48 C SUR 10 D 54;CL 48 C SUR 10 D 54;VAL DIR;4.564221621660953;-74.11464772821404;VAL COORD
222;1870135;Chircales;TV 5 J 48 J 01 SUR;TV 5 J 48 J 01 SUR;VAL DIR;4.55747594044575;-74.1126914968919;VAL COORD
223;1470136;San Victorino - La Favorita;KR 15 A 14 A 9;KR 15 A 14 A 9;VAL DIR;4.606051072662437;-74.08033508252886;VAL COORD
224;1470137;Voto Nacional;CL 15 15 29;CL 15 15 29;VAL DIR;4.605842942500684;-74.07980594087594;VAL COORD
225;1570138;Policarpa;KR 10 BIS 3 58 SUR;KR 10 BIS 3 58 SUR;VAL DIR;4.58611434853735;-74.0879199208445;VAL COORD
226;1670139;Muzu (Tejar);KR 51 A 31 70 SUR;KR 51 A 31 70 SUR;VAL DIR;4.60168639189815;-74.1256550889609;VAL COORD
227;1670141;Puente Aranda;KR 56 15 34;KR 56 15 34;VAL DIR;4.63180783534148;-74.1088396328693;VAL COORD
228;1770143;Santa Barbara;CL 6 C 7 A 3;CL 6 C 7 A 3;VAL DIR;4.59340624535226;-74.0784385950051;VAL COORD
229;1970145;Paraiso;KR 27 M 71 I 8 SUR;KR 27 M 71 I 8 SUR;VAL DIR;4.55112249240378;-74.1626123005293;VAL COORD
230;1970146;Altos de La Cruz;TV 22 69 A 19 SUR;TV 22 69 A 19 SUR;VAL DIR;4.564879801476077;-74.15375348788017;VAL COORD
231;1970147;Juan Pablo II;KR 18 Q 68 B 27 SUR;KR 18 Q 68 B 27 SUR;VAL DIR;4.55441740398574;-74.14869559731596;VAL COORD
232;1970148;Limonar;KR 18 D 81 28 SUR;KR 18 D 81 28 SUR;VAL DIR;4.535690844779499;-74.14527793443469;VAL COORD
233;1970149;Divino Ni�o;CL 78 D SUR 15 24;CL 78 D SUR 15 24;VAL DIR;4.536897353796466;-74.13696314170228;VAL COORD
234;1970150;La Estrella;KR 18 D BIS 74 A 17 SUR;KR 18 D BIS 74 A 17 SUR;VAL DIR;4.54315446089598;-74.1457463761464;VAL COORD
235;1970151;Naciones Unidas;KR 18 R 77 A 27 SUR;KR 18 R 77 A 27 SUR;VAL DIR;4.539908362767964;-74.15124775475284;VAL COORD
236;1970152;Villas del Progreso;CL 73 SUR 20 6;CL 73 SUR 20 6;VAL DIR;4.544025874038355;-74.15268017367607;VAL COORD
237;1970153;Los Alpes;KR 24 B 76 41 SUR;KR 24 B 76 41 SUR;VAL DIR;4.540779350151795;-74.15493301436696;VAL COORD
238;1970154;Estrella del Sur;CL 74 SUR 18 BIS 18;CL 74 SUR 18 18;VAL DIR;4.54358886906892;-74.1424745288424;VAL COORD
239;1970155;Santa Viviana;CL 75 D SUR 75 C 3;CL 75 D SUR 75 C 3;VAL DIR;4.576340259457011;-74.17513614634164;VAL COORD
240;1970156;Jerusalen Canteras;KR 49 D 68 G 8 SUR;KR 49 D 68 G 8 SUR;VAL DIR;4.5775800119704675;-74.15969414878727;VAL COORD
241;1970157;Huertas;KR 75 K 62 D 42 SUR;KR 75 K 62 D 42 SUR;VAL DIR;4.589152602777716;-74.17793787833182;VAL COORD
242;1970158;San Fernando;DG 64 B SUR 19 21;DG 64 B SUR 19 21;VAL DIR;4.558807651030198;-74.14585600967244;VAL COORD
243;1970159;Bella Flor -Sector La Torre (La Caba�a);KR 27 75 A 50 SUR;KR 27 75 A 50 SUR;VAL DIR;4.54173508370415;-74.1626782864863;VAL COORD
244;1970161;Caracoli;CL 76 A SUR 74 B 5;CL 76 A SUR 74 B 5;VAL DIR;4.573549387454116;-74.17340674896957;VAL COORD
245;870046;Mi Segundo Hogar;KR 82 C 5 A 20 SUR;KR 82 C 5 A 20 SUR;VAL DIR;4.63699970829482;-74.1582349902868;VAL COORD
246;770055;Manzanares;KR 79 73 D 7 SUR;KR 79 73 D 7 SUR;VAL DIR;4.60670585061258;-74.2020415157889;VAL COORD
247;1670140;Colon;KR 58 4 B 31;KR 58 4 B 31;VAL DIR;4.6232894603474;-74.1190311154331;VAL COORD
248;870162;Nueva York;KR 68 I 39 61 SUR;KR 68 I 39 61 SUR;VAL DIR;4.604413140648755;-74.14030859852095;VAL COORD
249;670164;Abraham Lincoln;KR 9 A 52 48 SUR;KR 9 A 52 48 SUR;VAL DIR;4.55729003503539;-74.12341421515286;VAL COORD
250;170165;Buenavista;CL 192 5 C 24;CL 192 5 C 24;VAL DIR;4.768745058734724;-74.02637779737205;VAL COORD
251;1970167;Potosi;CL 81 SUR 42 76;CL 81 SUR 42 76;VAL DIR;4.568747065518229;-74.17091113056233;VAL COORD
252;1270168;Doce de Octubre;CL 72 51 20 PI 2;CL 72 51 20;VAL DIR;4.66877686043413;-74.0745300328513;VAL COORD
253;1370169;Teusaquillo;KR 33 23 51 BQ 3;KR 33 23 51;VAL DIR;4.626449067157105;-74.0872184987304;VAL COORD
254;770084;Porvenir;KR 100 52 24 SUR;KR 100 52 24 SUR;VAL DIR;4.642768292176268;-74.18862788984704;VAL COORD
255;870085;Bella Vista;CL 38 SUR 94 C 29;CL 38 SUR 94 C 29;VAL DIR;4.64577340603798;-74.1713094113848;VAL COORD
256;870090;Lagos de Timiza;KR 74 42 G 52 SUR;KR 74 42 G 52 SUR;VAL DIR;4.609017653272149;-74.15819162667877;VAL COORD
257;108001;Usaquen 1;CL 165 7 02;CL 165 7 02;VAL DIR;4.74113813563079;-74.0225181005147;VAL COORD
258;208003;Chapinero;CL 61 7 51;CL 61 7 51;VAL DIR;4.64629873182965;-74.06128412453218;VAL COORD
259;308004;Santafe;CL 15 13 86;CL 15 13 86;VAL DIR;4.60511901110845;-74.0784232684461;VAL COORD
260;508007;Usme 1;CL 137 C SUR 2 A 51;CL 137 C SUR 2 A 51;VAL DIR;4.470193445270616;-74.12537412385186;VAL COORD
261;808014;Kennedy 3;KR 69 F 5 A 82;KR 69 F 5 A 82;VAL DIR;4.628502772980012;-74.13030298618432;VAL COORD
262;1108019;Suba 1;CL 146 A 94 A 5;CL 146 A 94 A 5;VAL DIR;4.740378685160594;-74.08654039634095;VAL COORD
263;1208022;Barrios Unidos;CL 74 A 63 4;CL 74 A 63 4;VAL DIR;4.676286009802464;-74.08025434470254;VAL COORD
264;1308023;Teusaquillo;KR 17 39 A 38;KR 17 39 A 38;VAL DIR;4.628694726364982;-74.07081821452574;VAL COORD
265;1908025;Ciudad Bolivar 2;KR 18 B 60 G 21 SUR;KR 18 B 60 G 21 SUR;VAL DIR;4.559840725724844;-74.13876300851275;VAL COORD
266;1408026;Los Martires;KR 21 14 75;KR 21 14 75;VAL DIR;4.610604527156313;-74.08540755802156;VAL COORD
267;1708030;Candelaria;KR 8 5 28;KR 8 5 28;VAL DIR;4.593180882828536;-74.07924012930614;VAL COORD
268;108002;Usaquen 2;CL 120 A 7 58;CL 120 A 7 58;VAL DIR;4.6978470670000725;-74.03202592332833;VAL COORD
269;1108021;Suba 4;KR 143 132 A 45;KR 143 132 A 45;VAL DIR;4.74419577952777;-74.117031003166;VAL COORD
270;408006;San Cristobal 1;AC 20 SUR 1 40;AC 20 SUR 1 40;VAL DIR;4.57009467659644;-74.08758662354;VAL COORD
271;508008;Usme 2;AK 1 73 B 66 SUR;AK 1 73 B 66 SUR;VAL DIR;4.517418578827028;-74.11706451456918;VAL COORD
272;608009;Tunjuelito;CL 52 SUR 7 10;CL 52 SUR 7 10;VAL DIR;4.55586710710441;-74.1218764243335;VAL COORD
273;708010;Bosa 2;KR 100 52 24 SUR;KR 100 52 24 SUR;VAL DIR;4.642768292176268;-74.18862788984704;VAL COORD
274;808012;Kennedy 2;KR 87 5 41;KR 87 5 41;VAL DIR;4.6414652379472345;-74.1584680006387;VAL COORD
275;808013;Kennedy 1;KR 74 42 G 52 SUR;KR 74 42 G 52 SUR;VAL DIR;4.609017653272149;-74.15819162667877;VAL COORD
276;908015;Fontibon;KR 82 25 C 58;KR 82 25 C 58;VAL DIR;4.672009941267037;-74.1193666049491;VAL COORD
277;1008016;Engativa 2;AC 72 110 D 13;AC 72 110 D 13;VAL DIR;4.71134515701127;-74.1263615687714;VAL COORD
278;1008017;Engativa 1;CL 71 73 A 44;CL 71 73 A 44;VAL DIR;4.687454689778481;-74.0980392576462;VAL COORD
279;1108018;Suba 2;TV 126 133 32;TV 126 133 32;VAL DIR;4.74182855946906;-74.1092453901528;VAL COORD
280;1108020;Suba 3;KR 94 A 129 B 28;KR 94 A 129 B 28;VAL DIR;4.72589794566801;-74.09263367683775;VAL COORD
281;1608027;Puente Aranda;CL 4 31 D 20;CL 4 31 D 20;VAL DIR;4.6057695857796;-74.1032582976709;VAL COORD
282;1508028;Antonio Nari�o;DG 19 SUR 19 33;DG 19 SUR 19 33;VAL DIR;4.584379953107137;-74.10323827793748;VAL COORD
283;1808029;Rafael Uribe Uribe;CL 32 SUR 23 62;CL 32 SUR 23 62;VAL DIR;4.581381462839048;-74.11473871101887;VAL COORD
284;808032;Kennedy 4 (Casa de la Justicia);TV 73 D 38 C 72 SUR;TV 73 D 38 C 72 SUR;VAL DIR;4.6172180722514256;-74.15044098915348;VAL COORD
285;1052001;Comunidad de Vida Hogar El Camino;KR 69 47 87;KR 69 47 87;VAL DIR;4.65983694075455;-74.1045906810438;VAL COORD
286;102001;Usaquen;CL 165 7 38;CL 165 7 38;VAL DIR;4.741572809891373;-74.02313402617061;VAL COORD
287;202002;Chapinero;CL 50 A 13 58;CL 50 A 13 58;VAL DIR;4.6379802704578905;-74.0660269004545;VAL COORD
288;302003;Santafe - Candelaria;KR 2 4 10;KR 2 4 10;VAL DIR;4.44543407606164;-74.1560043598676;VAL COORD
289;502005;Usme - Sumapaz;AC 91 SUR 3 C 34 ESTE;AC 91 SUR 3 C 34 ESTE;VAL DIR;4.50140006757026;-74.1096894008225;VAL COORD
290;602006;Tunjuelito;DG 47 A SUR 53 92;DG 47 A SUR 53 92;VAL DIR;4.59309191910064;-74.1411310254152;VAL COORD
291;702007;Bosa;CL 73 SUR 81 B 10;CL 73 SUR 81 B 10;VAL DIR;4.611146571433985;-74.19704270587242;VAL COORD
292;802008;Kennedy;CL 38 SUR 94 C 29;CL 38 SUR 94 C 29;VAL DIR;4.64577340603798;-74.1713094113848;VAL COORD
293;902009;Fontibon;KR 104 B 22 J 15;KR 104 B 22 J 15;VAL DIR;4.6819765480389215;-74.14173386116015;VAL COORD
294;902010;Atencion Al Migrante Terminal de Transporte;CL 22 C 68 F 37;CL 22 C 68 F 37;VAL DIR;4.65239386139701;-74.1131053370361;VAL COORD
295;1102012;Suba;KR 91 146 C 15;KR 91 146 C 15;VAL DIR;4.74092069763429;-74.0842818701484;VAL COORD
296;1402015;Martires;DG 22 B BIS 20 51;DG 22 B BIS 20 51;VAL DIR;4.61730535163344;-74.0807010565543;VAL COORD
297;1602016;Puente Aranda - Antonio Nari�o;KR 33 4 A 23;KR 33 4 A 23;VAL DIR;4.607547863526558;-74.10354002159546;VAL COORD
298;1202013;Barrios Unidos - Teusaquillo;KR 58 67 D 31;KR 58 67 D 31;VAL DIR;4.66986581547793;-74.0810575015435;VAL COORD
299;1802017;Rafael Uribe Uribe;KR 15 C 31 G 40 SUR;KR 15 C 31 G 40 SUR;VAL DIR;4.575068777260865;-74.11141183435544;VAL COORD
300;1657001;Centro Acogida Hogar de Paso IDIPRON;CL 10 A 45 9;CL 10 A 45 9;VAL DIR;4.62169905238806;-74.105510360373;VAL COORD
301;1657002;Centro Autocuidado 1 SDIS;KR 35 10 37;KR 35 10 37;VAL DIR;4.6146411762609;-74.0996776876625;VAL COORD
302;1657003;Centro Acogida Hogar de Paso D�a y Noche SDIS;KR 35 10 69;KR 35 10 69;VAL DIR;4.61482411508246;-74.0994559441805;VAL COORD
303;1832001;Sala Cuna Olaya;KR 26 A 41 46 SUR;KR 26 A 41 46 SUR;VAL DIR;4.58328844152091;-74.1239734087025;VAL COORD
304;832002;Kennedy Salacuna;CL 40 C SUR 79 10;CL 40 C SUR 79 10;VAL DIR;4.62252451533294;-74.1584890875376;VAL COORD
305;832003;El Caracol;KR 95 A 34 76 SUR;KR 95 A 34 76 SUR;VAL DIR;4.64736007431178;-74.1704962132987;VAL COORD
306;1232004;Los Alcazares;KR 28 70 08;KR 28 70 08;VAL DIR;4.662643481270244;-74.07176189260474;VAL COORD
307;932005;Sabana Grande;KR 106 15 A 32;KR 106 15 A 32;VAL DIR;4.672603057364593;-74.15371462422067;VAL COORD
308;732006;Gioconda Belli;CALLE 70 C SUR 80 26;CL 70 C SUR 80 26;VAL DIR;4.60542999886313;-74.1934248227704;VAL COORD
309;732007;La Estaci�n de la Alegria;CL 63 SUR 77 L 51;CL 63 SUR 77 L 51;VAL DIR;4.60031957812723;-74.18077100211651;VAL COORD
310;1132008;Pato Pico de Oro;CL 138 153 A 23;CL 138 153 A 23;VAL DIR;4.7447893208563805;-74.1252007507715;VAL COORD
311;632009;El Tunjo;DG 49 A SUR 28 32;DG 49 A SUR 28 32;VAL DIR;4.5819561761239;-74.1347738299386;VAL COORD
312;632010;Simoncito;KR 65 A 62 C 16 SUR;KR 65 A 62 C 16 SUR;VAL DIR;4.59015393524364;-74.156020032902;VAL COORD
313;1932011;Portadores de Sue�os;KR 17 N 65 A 29 SUR;KR 17 N 65 A 29 SUR;VAL DIR;4.552515322189399;-74.14254281369077;VAL COORD
314;1932012;Sauces 2 - el Preguntario;KR 19 G 67 21 SUR;KR 19 G 67 21 SUR;VAL DIR;4.561255381492579;-74.14870649991659;VAL COORD
315;832013;Semillas del Futuro;CL 5 A 86 A 34;CL 5 A 86 A 34;VAL DIR;4.640597876907802;-74.15740983154045;VAL COORD
316;832014;Campo de Sue�os (La Igualdad);KR 70 B N 2 34;KR 70 B 2 34;VAL DIR;4.623488875875274;-74.13235523999367;VAL COORD
317;832015;Creciendo Felices (Pastranita);CL 50 A SUR 80 A 44;CL 50 A SUR 80 A 44;VAL DIR;4.61835254417293;-74.1717513591682;VAL COORD
318;832016;Las Voces de los Ni�os (El Rubi);KR 78 M 57 H 12 SUR;KR 78 M 57 H 12 SUR;VAL DIR;4.608599794770073;-74.17539253566227;VAL COORD
319;832017;Creadores de Sue�os (Boita);KR 72 L BIS N 48 B 51 SUR;KR 72 L BIS 48 B 51 SUR;VAL DIR;4.602152510441148;-74.15332492474174;VAL COORD
320;1132018;Iguanita Azul;CARRERA 92 157 21;KR 92 157 21;VAL DIR;4.753745727705301;-74.081236295558;VAL COORD
321;1232019;La Ciudad que So�amos;KR 22 63 D 16;KR 22 63 D 16;VAL DIR;4.654468980635762;-74.07041875496645;VAL COORD
322;1832020;Lunita del Saber;KR 2 B 48 Y 22 SUR;KR 2 B 48 Y 22 SUR;VAL DIR;4.545933817847336;-74.10760138024563;VAL COORD
323;1132021;La Ranita Dorada;CL 127 F 93 55;CL 127 F 93 55;VAL DIR;4.721574173579188;-74.09382580201;VAL COORD
324;732022;Cuidapolis;KR 78 M 58 K 15 SUR;KR 78 M 58 K 15 SUR;VAL DIR;4.6071833168975305;-74.17913360032591;VAL COORD
325;1632023;Aserrin Aserran;CL 9 SUR 35 A 4;CL 9 SUR 35 A 4;VAL DIR;4.60131098571825;-74.1109019463134;VAL COORD
326;732024;Taller de Las Mariposas;KR 80 C 65 F 29 SUR;KR 80 C 65 F 29 SUR;VAL DIR;4.607088855941336;-74.18721924609088;VAL COORD
327;1032025;Engativa II;CL 64 D 113 B 49;CL 64 D 113 B 49;VAL DIR;4.708964172352699;-74.13786411308595;VAL COORD
328;232026;Casa de Hadas;CL 96 A 6 37 ESTE;CL 96 A 6 37 ESTE;VAL DIR;4.667780725776228;-74.02202308528247;VAL COORD
329;832027;La Casita de Los Bebes;KR 78 J 39 A 03 SUR;KR 78 J 39 A 03 SUR;VAL DIR;4.621732755315221;-74.15490385759966;VAL COORD
330;732031;Creciendo felices/La ruta de nuestros sue�os;KR 87 57 B 36 SUR;KR 87 57 B 36 SUR;VAL DIR;4.6225663374064485;-74.18575925646876;VAL COORD
331;1332032;Lugar de Recreo Casa Palermo;CL 45 C 24  42;CL 45 C 24 42;VAL DIR;4.636047416886791;-74.07543935827476;VAL COORD
332;1832033;Castillos del Contry (Sue�os y Sonrisas);CL 27 A SUR 11 A 23;CL 27 A SUR 11 A 23;VAL DIR;4.573394014011943;-74.10145486613713;VAL COORD
333;532034;Copito de nieve;KR 17 ESTE  No 87 C 25 SUR;KR 17 ESTE 87 C 25 SUR;VAL DIR;4.498894396237381;-74.08727391945773;VAL COORD
334;632035;Espiguita Dorada;AK 16 B 51 24 SUR;AK 16 B 51 24 SUR;VAL DIR;4.565768241550298;-74.12675157838416;VAL COORD
335;532036;Gran Yomasa;KR 1 A ESTE 75 20 SUR;KR 1 A ESTE 75 20 SUR;VAL DIR;4.514575530931368;-74.11475245128285;VAL COORD
336;1632038;Salacuna Primavera y Gorgonzola;CL 4 D 40 55;CL 4 D 40 55;VAL DIR;4.61471822204106;-74.1086428397494;VAL COORD
337;832039;Brisas de alegr�a;CL 41 SUR 94 12;CL 41 SUR 94 12;VAL DIR;4.643871260974025;-74.17361805501363;VAL COORD
338;932040;Villa Andrea;CL 17 C 134 70;CL 17 C 134 70;VAL DIR;4.695571567363791;-74.16576749558071;VAL COORD
339;1232041;Barquito de Casacanuez (J Vargas);KR 64 67 D 58;KR 64 67 D 58;VAL DIR;4.673105647744179;-74.08392410265171;VAL COORD
340;1132042;La Tingua;KR 145 B 139 15;KR 145 B 139 15;VAL DIR;4.747428585815857;-74.11780634447386;VAL COORD
341;832043;Juegos y aventuras;KR 98 A 42 13 SUR;KR 98 A 42 13 SUR;VAL DIR;4.6469442936936245;-74.1767533160869;VAL COORD
342;532044;Nelson Mandela;KR 1 102 02 SUR;KR 1 102 02 SUR;VAL DIR;4.496219356455988;-74.11789381227524;VAL COORD
343;732045;Sonrisas de la Ni�ez;CL 60 SUR 87 31;CL 60 SUR 87 31;VAL DIR;4.621860021057951;-74.18898440894104;VAL COORD
344;932046;El Principito;KR 100  23 22;KR 100 23 22;VAL DIR;4.678746020774872;-74.13713493400226;VAL COORD
345;1132047;Mariposas Amarillas;KR 152 A 138 D 11;KR 152 A 138 D 11;VAL DIR;4.746489144766707;-74.12450721078743;VAL COORD
346;732048;El Vag�n del B�ho;CL 63 SUR 77 L 51;CL 63 SUR 77 L 51;VAL DIR;4.60031957812723;-74.18077100211651;VAL COORD
347;632049;Rosita Encantada;KR 19 56 A 73 SUR;KR 19 56 A 73 SUR;VAL DIR;4.566036825700984;-74.13466469099504;VAL COORD
348;1932050;Alegrias del Sur;CL 69 SUR 54 13;CL 69 SUR 54 13;VAL DIR;4.578406438927736;-74.16173817359218;VAL COORD
349;832051;CASTILLO DE COLORES;Carrera 98 A 41 - 13 Sur;KR 98 A 41 13 SUR;VAL DIR;4.6472329446298355;-74.17629482363756;VAL COORD
350;832052;MANITAS Y PINCELADAS CREATIVAS;CLL 38 A SUR 90 A - 56;CL 38 A SUR 90 A 56;VAL DIR;4.641977092864596;-74.16894037307428;VAL COORD
351;332055;Con-Jugando;KR 13 1 B 31;KR 13 1 B 31;VAL DIR;4.5922392705160515;-74.08724637223892;VAL COORD
352;1132056;El Castorcito;CL 134 A 150 B 3;CL 134 A 150 B 3;VAL DIR;4.7445354456032796;-74.1207219869766;VAL COORD
353;532057;La Aurora;KR 3 69 D 35 SUR;KR 3 69 D 35 SUR;VAL DIR;4.523121752353313;-74.12068827511247;VAL COORD
354;832059;La Lucerna;CL 38 D SUR 72 Q 91;CL 38 D SUR 72 Q 91;VAL DIR;4.6150688665568245;-74.14894913820187;VAL COORD
355;532060;Francesco Tonucci;KR 6 F ESTE 107 55 SUR;KR 6 F ESTE 107 55 SUR;VAL DIR;4.48713599372438;-74.1048585245881;VAL COORD
356;832061;Forjadores de Paz;KR 91 BIS 26 3 SUR;KR 91 BIS 26 3 SUR;VAL DIR;4.645255886866519;-74.16612516823976;VAL COORD
357;1910001;Casa de Teja Enanito Saltarin;CL 75 A SUR 17 A 61;CL 75 A SUR 17 A 61;VAL DIR;4.5418352345040205;-74.13868964793899;VAL COORD
358;110002;San Antonio Norte;KR 7 A 182 A 81;KR 7 A 182 A 81;VAL DIR;4.760030939536696;-74.02753467098806;VAL COORD
359;110003;Tibabita;AC 191 8 38;AC 191 8 38;VAL DIR;4.76800774821336;-74.02912995859;VAL COORD
360;110004;Horizontes;KR 3 A 183 A 15;KR 3 A 183 A 15;VAL DIR;4.761200332548714;-74.02373992046942;VAL COORD
361;110005;Santa Cecilia;KR 5 A 164 A 3;KR 5 A 164 A 3;VAL DIR;4.739782610404538;-74.02166588241134;VAL COORD
362;110007;Orquideas;CL 161 16 B 33;CL 161 16 B 33;VAL DIR;4.7398934188586;-74.0397562407573;VAL COORD
363;310009;Santa Rosa de Lima;CL 1 D 6 3 ESTE;CL 1 D 6 3 ESTE;VAL DIR;4.583272185218362;-74.07182885519975;VAL COORD
364;310010;Goticas de Rocio;CL 3 5 B 54 ESTE;CL 3 5 B 54 ESTE;VAL DIR;4.586355931504842;-74.07066018837484;VAL COORD
365;410011;La Peninsula;CL 47 SUR 1 3;CL 47 SUR 1 3;VAL DIR;4.547302462392066;-74.10036845954085;VAL COORD
366;410012;Villa de La Paz;KR 9 A ESTE 62 35 SUR;KR 9 A ESTE 62 35 SUR;VAL DIR;4.532053623502436;-74.09226846221526;VAL COORD
367;410013;Alex y Nieves;DG 59 SUR 16 25 ESTE;DG 59 SUR 16 25 ESTE;VAL DIR;4.52941438485199;-74.0834348463427;VAL COORD
368;410014;San Miguel;CL 44 SUR 3 82 ESTE;CL 44 SUR 3 82 ESTE;VAL DIR;4.547081107391729;-74.09528876197756;VAL COORD
369;410015;Guacamayas (Mi Peque�o Paraiso);CL 37 A SUR 3 84;CL 37 A SUR 3 84;VAL DIR;4.55986104230754;-74.0999485526584;VAL COORD
370;410016;San Isidro Los Cari�ositos;CL 35 A SUR 6 A 15;CL 35 A SUR 6 A 15;VAL DIR;4.563404829757494;-74.10130042795676;VAL COORD
371;410018;Republicade Canada;TV 12 B ESTE 55 A 98 SUR;TV 12 B ESTE 55 A 98 SUR;VAL DIR;4.533158298432428;-74.08967562507063;VAL COORD
372;410020;Juan Rey;CL 71 SUR 13 B 22 ESTE;CL 71 SUR 13 B 22 ESTE;VAL DIR;4.522151187661644;-74.09040740460026;VAL COORD
373;410021;San Martin de Loba;CL 42 SUR 1 51 ESTE;CL 42 SUR 1 51 ESTE;VAL DIR;4.5500327129104505;-74.09833281803844;VAL COORD
374;510022;Serranias;KR 1 G ESTE 81 36 SUR;KR 1 G ESTE 81 36 SUR;VAL DIR;4.508866396697326;-74.11144562287346;VAL COORD
375;510024;Marichuela;CL 77 A SUR 14 C 32;CL 77 A SUR 14 C 32;VAL DIR;4.51079863729478;-74.1169035738917;VAL COORD
376;510025;Gran Yomasa;KR 3 A ESTE 82 14 SUR;KR 3 A ESTE 82 14 SUR;VAL DIR;4.5076989527711;-74.107848514333;VAL COORD
377;510026;Tenerife;CL 91 B SUR 1 10;CL 91 B SUR 1 10;VAL DIR;4.50676068691622;-74.1157019440986;VAL COORD
378;510027;Nueva Esperanza Olivares;KR 4 B ESTE 75 B 80 SUR;KR 4 B ESTE 75 B 80 SUR;VAL DIR;4.5134099691001035;-74.10665401828878;VAL COORD
379;510028;Pebles y Bam Bam;CL 76 B SUR 1 G 8 ESTE;CL 76 B SUR 1 G 8 ESTE;VAL DIR;4.51189202286662;-74.11143519767955;VAL COORD
380;510029;La Flora;KR 11 C ESTE 74 A 7 SUR;KR 11 C ESTE 74 A 7 SUR;VAL DIR;4.5168481434151575;-74.09457127201507;VAL COORD
381;510030;Puerta al Llano;KR 7 D ESTE 113 60 SUR;KR 7 D ESTE 113 60 SUR;VAL DIR;4.4881363960925995;-74.10143444131371;VAL COORD
382;510031;Lorenzo Alcantuz;DG 102 SUR 3 B 57 ESTE;DG 102 SUR 3 B 57 ESTE;VAL DIR;4.494884697204039;-74.114099069831;VAL COORD
383;510032;Fiscala;CL 63 SUR 4 C 16 ESTE;CL 63 SUR 4 C 16 ESTE;VAL DIR;4.53510028234961;-74.110462874489;VAL COORD
384;510033;Alaska;KR 3A ESTE 67 11 SUR;KR 3 A ESTE 67 11 SUR;VAL DIR;4.53019969995884;-74.1112555436078;VAL COORD
385;510034;Nevado;CL 68 C SUR 2 12 ESTE;CL 68 C SUR 2 12 ESTE;VAL DIR;4.526670053498723;-74.11222991506119;VAL COORD
386;510035;Casa Loma;TV 8 ESTE 84 D 15 SUR;TV 8 ESTE 84 D 15 SUR;VAL DIR;4.50178977534849;-74.0995770258387;VAL COORD
387;510036;Comuneros Asvecom - Usme;KR 5 A ESTE 95 96 SUR;KR 5 A ESTE 95 96 SUR;VAL DIR;4.49670812570581;-74.10796136159138;VAL COORD
388;510037;Chuniza;KR 1 G ESTE 90 12 SUR;KR 1 G ESTE 90 12 SUR;VAL DIR;4.5053179224542;-74.1118583401138;VAL COORD
389;610038;Isla del Sol;CL 67 B SUR 63 15;CL 67 B SUR 63 15;VAL DIR;4.5892210280463726;-74.15224934939434;VAL COORD
390;710040;La Caba�a;KR 90 B 56 G 20 SUR;KR 90 B 56 G 20 SUR;VAL DIR;4.6314023568654985;-74.18954928905916;VAL COORD
391;710041;Peque�os Gigantes;KR 89 52 B 61 SUR;KR 89 52 B 61 SUR;VAL DIR;4.631737491726143;-74.1840297061281;VAL COORD
392;710043;Olarte;KR 71 D 54 15 SUR;KR 71 D 54 15 SUR;VAL DIR;4.603324740149933;-74.16333898875318;VAL COORD
393;710046;Humberto Valencia;KR 82 71 A 35 SUR;KR 82 71 A 35 SUR;VAL DIR;4.612636101627155;-74.19538689578158;VAL COORD
394;710047;Villa Clemencia;KR 86 A 57 C 47 SUR;KR 86 A 57 C 47 SUR;VAL DIR;4.621019608537932;-74.18554561238025;VAL COORD
395;710048;La Escuelita;CL 61 B SUR 84 B 12;CL 61 B SUR 84 B 12;VAL DIR;4.618072101177098;-74.1878667699519;VAL COORD
396;710049;Los Bulliciosos;KR 87 I 65 19 SUR;KR 87 I 65 19 SUR;VAL DIR;4.623066668383215;-74.19307680348665;VAL COORD
397;710050;La Libertad;KR 87 M 59 1 SUR;KR 87 M 59 1 SUR;VAL DIR;4.625894341504168;-74.19016232985621;VAL COORD
398;710051;Israelita;KR 78 C 73 B 15 SUR;KR 78 C 73 B 15 SUR;VAL DIR;4.604387171374949;-74.1996841013834;VAL COORD
399;510052;Santa Marta;CL 68 C SUR 1 80 ESTE;CL 68 C SUR 1 80 ESTE;VAL DIR;4.526398753618294;-74.11667112571818;VAL COORD
400;710053;Nuevo Chile;CL 56 SUR 73 A 12;CL 56 SUR 73 A 12;VAL DIR;4.604232019959262;-74.16733464390926;VAL COORD
401;710054;Bosanova;KR 87 BIS 59 C 20 SUR;KR 87 BIS 59 C 20 SUR;VAL DIR;4.621495830461029;-74.1885334323738;VAL COORD
402;810055;Nuestra Se�ora de Guadalupe el Paraiso;CL 39 SUR 89 C 37;CL 39 SUR 89 C 37;VAL DIR;4.640292450546845;-74.16940187125088;VAL COORD
403;810056;Tintalito;KR 86 B 42 F 3 SUR;KR 86 B 42 F 3 SUR;VAL DIR;4.630347504791708;-74.16992006774103;VAL COORD
404;810057;Risitas Infantiles Patio Bonito-Jugando Aprendiendo;KR 86 D 39 A 5 SUR;KR 86 D 39 A 5 SUR;VAL DIR;4.634150346263765;-74.16526937864325;VAL COORD
405;810058;La Unidad;CL 57 D SUR 77 I 85;CL 57 D SUR 77 I 85;VAL DIR;4.605185558338301;-74.17347665739138;VAL COORD
406;810059;Perpetuo Socorro / Mi Peque�o Mundo;CL 50 SUR 78 18;CL 50 SUR 78 18;VAL DIR;4.61087986160633;-74.1667123349067;VAL COORD
407;810060;Amas de Casa Jackeline;KR 77 Q 45 A 11 SUR;KR 77 Q 45 A 11 SUR;VAL DIR;4.60884355327019;-74.1625357508222;VAL COORD
408;810061;Alqueria la Fragua;KR 68 A 36 25 SUR;KR 68 A 36 25 SUR;VAL DIR;4.605190240686637;-74.1331525876667;VAL COORD
409;810062;Britalia;CL 55 SUR 80 J 17;CL 55 SUR 80 J 17;VAL DIR;4.617250895263135;-74.17707032927552;VAL COORD
410;810063;Fundecom Mi Primera Comunidad;KR 81 56 75 SUR;KR 81 56 75 SUR;VAL DIR;4.616112844450398;-74.17864560032417;VAL COORD
411;810064;Class;CL 57 B SUR 80 H 15;CL 57 B SUR 80 H 15;VAL DIR;4.614253557682385;-74.1784617410137;VAL COORD
412;1110065;Timanquitos;CL 133 BIS 126 37;CL 133 BIS 126 37;VAL DIR;4.741950368697023;-74.10977587797649;VAL COORD
413;1110066;Nuevos Timanquitos;KR 125 B 132 B 51;KR 125 B 132 B 51;VAL DIR;4.74080956933829;-74.1086009149825;VAL COORD
414;1110067;Comuneros Norte;CL 140 A 111 B 30;CL 140 A 111 B 30;VAL DIR;4.7452056895401284;-74.10209116880372;VAL COORD
415;1110069;San Cayetano;KR 93 F 127 B 46;KR 93 F 127 B 46;VAL DIR;4.72218465174501;-74.0960445463411;VAL COORD
416;1110070;La Chucua;CL 131 C 100 44;CL 131 C 100 44;VAL DIR;4.733798268687144;-74.09551163446199;VAL COORD
417;1810071;Castillo de Sue�os;CL 50 C SUR 11 B 22;CL 50 C SUR 11 B 22;VAL DIR;4.560400998129304;-74.1231418253092;VAL COORD
418;1810072;Los Principitos;Carrera 5 A BIS A # 48 P - 84 SUR;KR 5 A BIS 48 P 84 SUR;VAL DIR;4.55211747611644;-74.1087234376317;VAL COORD
419;1810073;Granjas de San Pablo;KR 14 B 33 3 SUR;KR 14 B 33 3 SUR;VAL DIR;4.571425742860394;-74.11414660941305;VAL COORD
420;1910074;JJ Rondon Alto de La Cruz;TV 22 68 K 22 SUR;TV 22 68 K 22 SUR;VAL DIR;4.564345472801026;-74.15296750838772;VAL COORD
421;1910075;J.J. Rondon Ni�o Jesus;KR 22 68 C 05 SUR;KR 22 68 C 05 SUR;VAL DIR;4.56477532132695;-74.15147868891735;VAL COORD
422;710079;Antonia Santos;CL 67 SUR 81 B 10;CL 67 SUR 81 B 10;VAL DIR;4.610897306310282;-74.19019011019964;VAL COORD
423;1910080;La Casona;KR 20 C 68 B 48 SUR;KR 20 C 68 B 48 SUR;VAL DIR;4.5624307347997;-74.1508171314148;VAL COORD
424;1810084;Las Lomas;DG 38 F SUR 11 B 25;DG 38 F SUR 11 B 25;VAL DIR;4.565743658577681;-74.10798325989478;VAL COORD
425;1910085;El Tesoro;CL 78 SUR 18 B 78;CL 78 SUR 18 B 78;VAL DIR;4.539721680763724;-74.1444412863368;VAL COORD
426;1910086;Estrella del Sur;KR 18 G 72 15 SUR;KR 18 G 72 15 SUR;VAL DIR;4.54538384008377;-74.1466262714211;VAL COORD
427;1910087;Estrella del Ma�ana;KR 18Q 71 15 SUR;KR 18 Q 71 15 SUR;VAL DIR;4.54595653908711;-74.15129516523152;VAL COORD
428;1910088;Santa Rosita Las Vegas;TV 49 C 75 A 60 SUR;TV 49 C 75 A 60 SUR;VAL DIR;4.57257265596917;-74.16659883330456;VAL COORD
429;1910089;Manuela Beltran Mis Peque�as Travesuras;KR 45C 69 15 SUR;KR 45 C 69 15 SUR;VAL DIR;4.57316378757173;-74.1571220868074;VAL COORD
430;1910091;Cartagena de Indias;CL 70 SUR 56 4;CL 70 SUR 56 4;VAL DIR;4.57806391310551;-74.1646242545735;VAL COORD
431;1910092;Barlovento;CL 62 B SUR 71 H 24;CL 62 B SUR 71 H 24;VAL DIR;4.590596063800919;-74.16622854848852;VAL COORD
432;1910093;Mi Refugio;TV 74 C 62 15 SUR;TV 74 C 62 15 SUR;VAL DIR;4.5906489781281055;-74.1742214378387;VAL COORD
433;1910094;La Estancia mis Primeras Letras;KR 75 H 59 A 18 SUR;KR 75 H 59 A 18 SUR;VAL DIR;4.5925499789501725;-74.17717675582821;VAL COORD
434;1910095;Huellas Magicas;CL 60 A SUR 76 B 18;CL 60 A SUR 76 B 18;VAL DIR;4.591654601319302;-74.18005245238075;VAL COORD
435;1910097;Los Ni�os Traviesos;KR 18 M 63 D 15 SUR;KR 18 M 63 D 15 SUR;VAL DIR;4.556118349339745;-74.14201190494911;VAL COORD
436;1910098;Manitas;CL 70 B SUR 18 J 39;CL 70 B SUR 18 J 39;VAL DIR;4.5508988441749425;-74.15034307816835;VAL COORD
437;710099;Mi Segundo Hogar;KR 77 K 65 J 5 SUR;KR 77 K 65 J 5 SUR;VAL DIR;4.59893953707336;-74.1868690789939;VAL COORD
438;133001;Huellas con Ternura;KR 18 185 A 04;KR 18 185 A 04;VAL DIR;4.762329903678819;-74.03899879453756;VAL COORD
439;133002;Contador - el Jardin;CL 135 16  43;CL 135 16 43;VAL DIR;4.718412961503439;-74.04367999900805;VAL COORD
440;333003;Centro Social Nueva Vida - Aldea;KR 6 3 44;KR 6 3 44;VAL DIR;4.59057434470479;-74.0784537311543;VAL COORD
441;433004;Avesol;Diagonal 34 A SUR # 2 - 27 ESTE;DG 34 A SUR 2 27 ESTE;VAL DIR;4.556152960760933;-74.0945533142229;VAL COORD
442;433005;La Casita de Los Rincones;CL 8 SUR 9 26;CL 8 SUR 9 26;VAL DIR;4.58339324880546;-74.0877557084322;VAL COORD
443;433006;Pepaso II;KR 11 B ESTE 43 A 54 SUR;KR 11 B ESTE 43 A 54 SUR;VAL DIR;4.543374503218313;-74.08689456388997;VAL COORD
444;433008;Castillo San Lucas;DG 40 A SUR 11 86 ESTE;DG 40 A SUR 11 86 ESTE;VAL DIR;4.548009567130027;-74.08525301300205;VAL COORD
445;533010;Maria Micaela;KR 17 D ESTE 87 19 SUR;KR 17 D ESTE 87 19 SUR;VAL DIR;4.50058520204165;-74.0865129308287;VAL COORD
446;533011;Chaminade Voz de Alerta;DG 53 F SUR 1 9 ESTE;DG 53 F SUR 1 9 ESTE;VAL DIR;4.540372418608418;-74.11243071608003;VAL COORD
447;633012;El Inicio del Saber;KR 19 54 19 SUR;KR 19 54 19 SUR;VAL DIR;4.5677269829469385;-74.13195153670671;VAL COORD
448;633013;Pinturitas Proactivas;KR 37 50 A 40 SUR;KR 37 50 A 40 SUR;VAL DIR;4.58797805143299;-74.1372923277894;VAL COORD
449;633014;El Rincon de La Alegria;DG 50 SUR 59 A 93;DG 50 SUR 59 A 93;VAL DIR;4.58886367921046;-74.1499354823762;VAL COORD
450;733016;Jardin La Estacion;CL 65 C SUR 78 C 17;CL 65 C SUR 78 C 17;VAL DIR;4.60187615319034;-74.184286085642;VAL COORD
451;733017;Acepta el Cambio;CL 65 C SUR 78 C 31;CL 65 C SUR 78 C 31;VAL DIR;4.602024663291843;-74.18441201327482;VAL COORD
452;733018;Semillas de Esperanza (San Bernardino);KR 87 B 80 40 SUR;KR 87 B 80 40 SUR;VAL DIR;4.617446506498301;-74.20463225197724;VAL COORD
453;733019;Independencia;CL 78 SUR 88 F 8;CL 78 SUR 88 F 8;VAL DIR;4.62175621354709;-74.2042255590282;VAL COORD
454;733021;San Angel;KR 87 Q 70 73 SUR;KR 87 Q 70 73 SUR;VAL DIR;4.6226413839534946;-74.19796917212197;VAL COORD
455;733022;San Pedro;KR 82 C 73 F 67 SUR;KR 82 C 73 F 67 SUR;VAL DIR;4.613781984612362;-74.19969781159904;VAL COORD
456;833023;Fundacion Pepaso;CL 42 A SUR 99 16;CL 42 A SUR 99 16;VAL DIR;4.647460267417959;-74.17753827342798;VAL COORD
457;833024;Asrio;CL 40 SUR 96 4;CL 40 SUR 96 4;VAL DIR;4.6459870481688785;-74.17356902839921;VAL COORD
458;833025;Arco Iris de Amor;KR 78 J 39 15 SUR;KR 78 J 39 15 SUR;VAL DIR;4.621972288256821;-74.15468445624187;VAL COORD
459;833026;Mis Primeros Trazos;KR 87 D 39 10 SUR;KR 87 D 39 10 SUR;VAL DIR;4.636047905954614;-74.16620957909184;VAL COORD
460;833027;Vegas de Santa Ana Fundaver;DG 57 D SUR 81 J 7;DG 57 D SUR 81 J 7;VAL DIR;4.616198648353859;-74.18242360571145;VAL COORD
461;833028;Vergel Occidental - Amigos de Jesus y Maria;KR 81 B 15 A 30;KR 81 B 15 A 30;VAL DIR;4.654690398062144;-74.13645004918799;VAL COORD
462;833029;Ciudad Roma - Show Kids;CL 57 B SUR 79 24;CL 57 B SUR 79 24;VAL DIR;4.610672520997008;-74.17505464806686;VAL COORD
463;933030;Semillas de Grandeza;CL 17 F 136 A 27;CL 17 F 136 A 27;VAL DIR;4.697455560482353;-74.16731232765497;VAL COORD
464;933031;El Rubi;CL 22 J 96 I 44;CL 22 J 96 I 44;VAL DIR;4.676025161851728;-74.13711407926795;VAL COORD
465;933032;Emmanuel;CL 23 B 103 B 81;CL 23 B 103 B 81;VAL DIR;4.682125297556274;-74.14024376700253;VAL COORD
466;933033;Fontibon Centro;CL 16 J 97 27;CL 16 J 97 27;VAL DIR;4.670382685406499;-74.14493023836955;VAL COORD
467;933034;Atahualpa;KR 112 A 22 I 16;KR 112 A 22 I 16;VAL DIR;4.685695967883407;-74.1467193430804;VAL COORD
468;933035;San Pablo - Manitos Unidas;KR 136 16 18;KR 136 16 18;VAL DIR;4.69367885054652;-74.16945484260859;VAL COORD
469;933036;Versalles;KR 112 23 B 30;KR 112 23 B 30;VAL DIR;4.687143321907705;-74.14433110817936;VAL COORD
470;1033037;Caritas de Amor;KR 122 A 63 L 44;KR 122 A 63 L 44;VAL DIR;4.7144996839912885;-74.14225389746792;VAL COORD
471;1033038;Pepitos Proactivos;KR 121 65 A 9;KR 121 65 A 9;VAL DIR;4.714992352195305;-74.14014279399305;VAL COORD
472;1033039;Lujan;CL 64 C 74 20;CL 64 C 74 20;VAL DIR;4.679511413858476;-74.10450413041227;VAL COORD
473;1033040;Anton Pirulero;CL 70 109 A 5;CL 70 109 A 5;VAL DIR;4.705854574226016;-74.12714401308224;VAL COORD
474;1033041;Mam� Canguro;CL 89 BIS 89 A 67;CL 89 BIS 89 A 67;VAL DIR;4.711688968475515;-74.09758175389413;VAL COORD
475;1033042;La Florida;CL 68 A 91 17;CL 68 A 91 17;VAL DIR;4.693943006424102;-74.11320517997024;VAL COORD
476;1033043;Sebas;CL 65 A 74 90;CL 65 A 74 90;VAL DIR;4.682276871714946;-74.10312762818536;VAL COORD
477;1033044;Villa Mary;CL 67 A 110 B 25;CL 67 A 110 B 25;VAL DIR;4.704087450131118;-74.13003986831325;VAL COORD
478;1133045;Hogar San Mauricio;KR 80 172 A 90;KR 80 172 A 90;VAL DIR;4.766022181641221;-74.06808781466482;VAL COORD
479;1133046;Funandes Rincon;CL 127 F 93 C 55;CL 127 F 93 C 55;VAL DIR;4.72253077066987;-74.0950480526885;VAL COORD
480;1133047;Fundacion Cran;TV 77 162 6;TV 77 162 6;VAL DIR;4.749122825225361;-74.07254147908661;VAL COORD
481;1133048;Piedra Verde;KR 136 A 133 40;KR 136 A 133 40;VAL DIR;4.745052722855955;-74.11400983673522;VAL COORD
482;1133049;Fana;KR 96 156 B 18;KR 96 156 B 18;VAL DIR;4.753772901486913;-74.08284654416016;VAL COORD
483;1133050;Celestin Freinet Aures;CL 130 F 99 56;CL 130 F 99 56;VAL DIR;4.732246925880458;-74.09565248302803;VAL COORD
484;1133051;Celestin Freinet Rincon;CL 128 B BIS 92 35;CL 128 B BIS 92 35;VAL DIR;4.72268171579119;-74.0914185242733;VAL COORD
485;1133052;Funandes Verona;KR 144 A 132 98;KR 144 A 132 98;VAL DIR;4.744493938909395;-74.11712149244501;VAL COORD
486;1133053;Dulce Maria;TV 127 C 139 B 48;TV 127 C 139 B 48;VAL DIR;4.746611374198982;-74.10824206258893;VAL COORD
487;1133054;Aeiotu;KR 98 156 C 10;KR 98 156 C 10;VAL DIR;4.755486553591371;-74.084680364785;VAL COORD
488;1133055;Santa Cecilia - Tibabuyes;Cl 138 159 07;CL 138 159 07;VAL DIR;4.744413462572934;-74.12910782152036;VAL COORD
489;1133056;Rincon;CL 135A 91A 30;CL 135 A 91 A 30;VAL DIR;4.734458984375018;-74.08635014013812;VAL COORD
490;1133057;Villa Elisa - Fer;CL 134 A   91 77;CL 134 A 91 77;VAL DIR;4.733360058424647;-74.08680984778869;VAL COORD
491;1133058;Villamaria - Funandes;CL 138 A 113  78;CL 138 A 113 78;VAL DIR;4.74365901623776;-74.10504419796123;VAL COORD
492;1133059;Tuna Alta Otero;KR 90 147 C 32;KR 90 147 C 32;VAL DIR;4.742939371254695;-74.08294075315209;VAL COORD
493;1233060;Mil Sonrisas;KR 29 A 74 42;KR 29 A 74 42;VAL DIR;4.668263698790257;-74.07048796554686;VAL COORD
494;1833062;Marruecos Bambi;TV 5 Q 48 J 24 SUR;TV 5 Q 48 J 24 SUR;VAL DIR;4.558086477910832;-74.11388912034506;VAL COORD
495;1433063;Filadelfia;CL 2 C 29 57;CL 2 C 29 57;VAL DIR;4.60263743348908;-74.100390157306;VAL COORD
496;1533064;Ciudad Jardin San Jose;CL 17 SUR 10 21;CL 17 SUR 10 21;VAL DIR;4.578353328722805;-74.09312644516682;VAL COORD
497;1733065;Asoben;CL 9 9 60;CL 9 9 60;VAL DIR;4.5980895452361725;-74.07859216987951;VAL COORD
498;1933066;Alegria de Vivir;KR 18 I 81 C 29 SUR;KR 18 I 81 C 29 SUR;VAL DIR;4.53440925390675;-74.1476987338096;VAL COORD
499;1933068;Semillitas de Amor;DG 75 D SUR 75 L 7;DG 75 D SUR 75 L 7;VAL DIR;4.57735843051513;-74.17709517592802;VAL COORD
500;1933069;Caminos de La Vida;KR 76 C BIS 62 F 42 SUR;KR 76 C BIS 62 F 42 SUR;VAL DIR;4.588666487873816;-74.1797456210747;VAL COORD
501;1933070;Mi Peque�o Refugio;KR 18 B 73 A 28 SUR;KR 18 B 73 A 28 SUR;VAL DIR;4.543837912406876;-74.14357771787121;VAL COORD
502;1933073;La Casita de Juan Jose;CL 62 B SUR 19 B 24;CL 62 B SUR 19 B 24;VAL DIR;4.560194498324868;-74.14308489144459;VAL COORD
503;1933074;Caracoli;CL 76 A SUR 74 B 5;CL 76 A SUR 74 B 5;VAL DIR;4.573549387454116;-74.17340674896957;VAL COORD
504;1933075;Waldorf;TV 73 H BIS 75 B 46 SUR;TV 73 H BIS 75 B 46 SUR;VAL DIR;4.576794318363748;-74.1711862544468;VAL COORD
505;1933076;Amores y Colores;KR 72 62 G 71 SUR;KR 72 62 G 71 SUR;VAL DIR;4.58780810526469;-74.1671635768345;VAL COORD
506;1933078;Castillo San Lucas-Maria Cano;KR 74 I 62 3 SUR;KR 74 I 62 3 SUR;VAL DIR;4.590713587051218;-74.17512406003665;VAL COORD
507;1933079;Manantial;CL 73 C SUR 48 A 20;CL 73 C SUR 48 A 20;VAL DIR;4.57387364430548;-74.1646828994934;VAL COORD
508;1933080;Candelaria la Nueva - Mis peque�os Genios;Calle 64 C SUR # 27 - 31;CL 64 C SUR 27 31;VAL DIR;4.568133639281167;-74.14982084598233;VAL COORD
509;1933081;Aeiotu - Juan Bosco Obrero La Estrella;KR 18 G 74 A 59 SUR;KR 18 G 74 A 59 SUR;VAL DIR;4.54274623205783;-74.1465982859551;VAL COORD
510;733083;Sembrando Camino;CL 53 A SUR 89 B 16;CL 53 A SUR 89 B 16;VAL DIR;4.63310857155133;-74.18459908203364;VAL COORD
511;933084;Jordan;CL 20 C 107 53;CL 20 C 107 53;VAL DIR;4.680562450220491;-74.14645300129997;VAL COORD
512;833085;Fundangel - Villamil;CL 42 C SUR 81 B 34;CL 42 C SUR 81 B 34;VAL DIR;4.625501798448473;-74.16642184465869;VAL COORD
513;1833086;Quiroga Central;CL 34 SUR  22  10;CL 34 SUR 22 10;VAL DIR;4.57946449740051;-74.1167541097767;VAL COORD
514;1833087;Pincel de Alegria;KR 9 39 F 14 SUR;KR 9 39 F 14 SUR;VAL DIR;4.562252537142905;-74.1062587692942;VAL COORD
515;1133088;Las Flores;KR 108 A 140 48;KR 108 A 140 48;VAL DIR;4.743900338384431;-74.09963740943884;VAL COORD
516;633089;Venecia;KR 59 B 51 A 39 SUR;KR 59 B 51 A 39 SUR;VAL DIR;4.587778768249546;-74.14930391931169;VAL COORD
517;133090;Show Kids - Santa Barbara;CL 126 7 B 50;CL 126 7 B 50;VAL DIR;4.7017494937224935;-74.03134756138964;VAL COORD
518;533091;Sue�os del Ma�ana - Comuneros;CL 102 A SUR 1 A 55 ESTE;CL 102 A SUR 1 A 55 ESTE;VAL DIR;4.495605798097209;-74.11662543372273;VAL COORD
519;1133092;Teresita - Aures;CL 132 D 100 A 65;CL 132 D 100 A 65;VAL DIR;4.73555148651031;-74.09564783370631;VAL COORD
520;1633093;Galan ASODIF;KR 55 2 B 30;KR 55 2 B 30;VAL DIR;4.618444222547287;-74.11989772600543;VAL COORD
521;933094;La Flauta Magica;CL 19 106 34;CL 19 106 34;VAL DIR;4.678800216680306;-74.14720462938602;VAL COORD
522;1933096;Maria Cano Esperanza Viva;CL 62 H SUR 74 H 22;CL 62 H SUR 74 H 22;VAL DIR;4.588029397356878;-74.17472641015354;VAL COORD
523;731001;La Esperanza;KR 80 J 76 38 SUR;KR 80 J 76 38 SUR;VAL DIR;4.61037701045108;-74.2043962296873;VAL COORD
524;1931002;Buenavista;CL 78 SUR 17 F 80;CL 78 SUR 17 F 80;VAL DIR;4.53996089474739;-74.1402320475983;VAL COORD
525;131004;El Nogal;KR 11 183 90;KR 11 183 90;VAL DIR;4.76060196826049;-74.0331802907955;VAL COORD
526;331005;La Alameda;KR 13 20 91;KR 13 20 91;VAL DIR;4.60948845730033;-74.0742086378707;VAL COORD
527;431006;Nueva Roma;AK 4 ESTE 50 80 SUR;AK 4 ESTE 50 80 SUR;VAL DIR;4.54086642793895;-74.0963592779555;VAL COORD
528;431007;San Jeronimo del Yuste;Diagonal 13 B SUR # 19 A - 2 ESTE;DG 13 B SUR 19 A 2 ESTE;VAL DIR;4.565067315865;-74.0702826025692;VAL COORD
529;431008;San Vicente;CL 34 SUR 7 10 ESTE;CL 34 SUR 7 10 ESTE;VAL DIR;4.555332587292276;-74.08772484945557;VAL COORD
530;531009;Chuniza;AC 91 SUR 3 C 34 ESTE;AC 91 SUR 3 C 34 ESTE;VAL DIR;4.50140006757026;-74.1096894008225;VAL COORD
531;531012;Bolonia;CL 81 A SUR 6 40 ESTE;CL 81 A SUR 6 40 ESTE;VAL DIR;4.506207935101069;-74.10281790725438;VAL COORD
532;531013;San Cayetano;CL 74 A SUR 16 60 ESTE;CL 74 A SUR 16 60 ESTE;VAL DIR;4.5171057833063415;-74.0875083827111;VAL COORD
533;531014;Nebraska;KR 1 C ESTE 66 A 70 SUR;KR 1 C ESTE 66 A 70 SUR;VAL DIR;4.530986163044294;-74.11413843079104;VAL COORD
534;531015;El Cipres;CL 114 A SUR 6 G 54 ESTE;CL 114 A SUR 6 G 54 ESTE;VAL DIR;4.487256769990212;-74.10370438981288;VAL COORD
535;731016;El Porvenir;CL 49 D SUR 92 A 34;CL 49 D SUR 92 A 34;VAL DIR;4.63681943054506;-74.18298339900117;VAL COORD
536;831018;Tintalito Social;AC 43 SUR 88 A 30;AC 43 SUR 88 A 30;VAL DIR;4.63398669019173;-74.1735174375101;VAL COORD
537;1131019;Piedra Verde Celestin Freinet;CL 137 129 35;CL 137 129 35;VAL DIR;4.744572712318008;-74.11160288722256;VAL COORD
538;1831020;Palermo Sur;CL 49 D SUR 2 B 50;CL 49 D SUR 2 B 50;VAL DIR;4.543839511345632;-74.10967182486577;VAL COORD
539;1931021;Los Robles;CL 66 C SUR 18 Y 3;CL 66 C SUR 18 Y 3;VAL DIR;4.55791465145295;-74.1478027816934;VAL COORD
540;1931022;Paraiso;KR 27 L 71 G 14 SUR;KR 27 L 71 G 14 SUR;VAL DIR;4.55187384309304;-74.1620105711934;VAL COORD
541;131003;Servita;CL 165 7 38;CL 165 7 38;VAL DIR;4.741572809891373;-74.02313402617061;VAL COORD
542;831023;Bellavista;CL 38 SUR 94 C 29;CL 38 SUR 94 C 29;VAL DIR;4.64577340603798;-74.1713094113848;VAL COORD
543;437001;Lourdes Huototo - Makade Tinikana;KR 6 15 51 SUR;KR 6 15 51 SUR;VAL DIR;4.576586905170632;-74.08890969834673;VAL COORD
544;537002;Ambika Pijao;DG 92 H SUR 4 C 29 ESTE;DG 92 H SUR 4 C 29 ESTE;VAL DIR;4.498517303610517;-74.10950185773707;VAL COORD
545;737003;Uba Rhua - Espiritu de la Semilla;TV 87 B 79 40 SUR;TV 87 B 79 40 SUR;VAL DIR;4.618248986358342;-74.20357388181822;VAL COORD
546;1037004;Wawakunapak Yachahuna Wasi (Casa de Ense�anza para Ni�os);KR 69 I 69 A 41;KR 69 I 69 A 41;VAL DIR;4.6802756919292365;-74.09193081250508;VAL COORD
547;1137005;Gue Atyqiib (Los Pinos);CL 144 139 55;CL 144 139 55;VAL DIR;4.751395873209861;-74.11291002570458;VAL COORD
548;437006;Wawitakunapa Wasi (La Casita de Los Ni�os);CL 18 SUR 9 40;CL 18 SUR 9 40;VAL DIR;4.57697362837919;-74.0924433538647;VAL COORD
549;130001;Granito de Mostaza;KR 11 187 A 15;KR 11 187 A 15;VAL DIR;4.764513439321489;-74.03269001332903;VAL COORD
550;1930002;Arabia;DG 82 SUR 18 I 35;DG 82 SUR 18 I 35;VAL DIR;4.5327627270768875;-74.147868931842;VAL COORD
551;130003;Verbenal;KR 18 A 187 75;KR 18 A 187 75;VAL DIR;4.7659579241654235;-74.03959861603323;VAL COORD
552;130004;Barrancas;AK 7 155 80;AK 7 155 80;VAL DIR;4.730602768488381;-74.02356194842103;VAL COORD
553;230005;San Luis;CL 97 6 46 ESTE;CL 97 6 46 ESTE;VAL DIR;4.668731711196513;-74.02110545388646;VAL COORD
554;230006;Juan XXIII;CL 65 B 1 19;CL 65 B 1 19;VAL DIR;4.646859596110427;-74.05401579726346;VAL COORD
555;330007;La Perseverancia;KR 1 33 0;KR 1 33 0;VAL DIR;4.61759195394897;-74.0610823381872;VAL COORD
556;330008;Las Cruces;CL 1 C 5 A 30;CL 1 C 5 A 30;VAL DIR;4.586671631753439;-74.0794655493561;VAL COORD
557;330011;Goticas de Ilusion;KR 11 ESTE 1 A 73;KR 11 ESTE 1 A 73;VAL DIR;4.580760057989772;-74.0713873306921;VAL COORD
558;330012;San Bernardo;CL 1 C 13 41;CL 1 C 13 41;VAL DIR;4.59266465389762;-74.0871707435741;VAL COORD
559;230013;La Paz;CL 49 3 40 ESTE;CL 49 3 40 ESTE;VAL DIR;4.634446384300695;-74.0578731800456;VAL COORD
560;430015;El Quindio;KR 16 A ESTE 46 C 20 SUR;KR 16 A ESTE 46 C 20 SUR;VAL DIR;4.53882598472811;-74.0821594908124;VAL COORD
561;430016;Bello Horizonte;Carrera 3A ESTE # 31C - 21 SUR;KR 3 A ESTE 31 C 21 SUR;VAL DIR;4.55910544808401;-74.0914801512308;VAL COORD
562;530018;Betania;CL 76 B SUR 2 C 42 ESTE;CL 76 B SUR 2 C 42 ESTE;VAL DIR;4.512254298363701;-74.10853860626489;VAL COORD
563;530019;La Esperanza;CL 76 B SUR 14 39 ESTE;CL 76 B SUR 14 39 ESTE;VAL DIR;4.513222088544262;-74.0904248858193;VAL COORD
564;530020;El Oasis;KR 3 D BIS 133 B 3 SUR;KR 3 D BIS 133 B 3 SUR;VAL DIR;4.47805677223133;-74.1234917668833;VAL COORD
565;630022;Tejares;KR 2 ESTE 75 B 40 SUR;KR 2 ESTE 75 B 40 SUR;VAL DIR;4.51399571265483;-74.1110052928456;VAL COORD
566;630024;El Carmen;KR 28 48 A 17 SUR;KR 28 48 A 17 SUR;VAL DIR;4.58282165878617;-74.1317124026478;VAL COORD
567;630025;Rafael Barberi Cualla;KR 36 50 B 35 SUR;KR 36 50 B 35 SUR;VAL DIR;4.58698339312702;-74.1372527689584;VAL COORD
568;630026;San Benito;CL 58 SUR 19 B 37;CL 58 SUR 19 B 37;VAL DIR;4.56703656760083;-74.1375248650112;VAL COORD
569;630028;Tunjuelito;CL 58 SUR 13 1;CL 58 SUR 13 1;VAL DIR;4.55915354586724;-74.1293501716416;VAL COORD
570;630029;Satelite Playon Playita;KR 11 A 52 54 SUR;KR 11 A 52 54 SUR;VAL DIR;4.558775403257414;-74.12445185443478;VAL COORD
571;730031;San Pablo de Calamo;CL 65 J SUR 77 N 23;CL 65 J SUR 77 N 23;VAL DIR;4.60052059954562;-74.18688624331114;VAL COORD
572;730032;Asovivir;KR 80 N BIS 70 10 SUR;KR 80 N BIS 70 10 SUR;VAL DIR;4.609316194768128;-74.19266882222755;VAL COORD
573;730033;Los Cedros;KR 81 A 84 C 25 SUR;KR 81 A 84 C 25 SUR;VAL DIR;4.61443875441078;-74.20777085490957;VAL COORD
574;830034;Vision de Colombia;KR 79 G 13 9;KR 79 G 13 9;VAL DIR;4.65085022452993;-74.1364550857777;VAL COORD
575;830036;Luisa de Marillac;CL 38 A SUR 86 F 15;CL 38 A SUR 86 F 15;VAL DIR;4.635706156655;-74.1643526037976;VAL COORD
576;830038;Pio Xii;KR 79 D 6 15;KR 79 D 6 15;VAL DIR;4.635168285134308;-74.15164530538223;VAL COORD
577;830039;La Igualdad;CL 2 68 A 80;CL 2 68 A 80;VAL DIR;4.62223837509873;-74.1268110923665;VAL COORD
578;830040;Argelia;CL 39B SUR 72G 62;CL 39 B SUR 72 G 62;VAL DIR;4.607880701369887;-74.14394047546608;VAL COORD
579;830041;Delicias;CL 40 SUR 68G 03;CL 40 SUR 68 G 03;VAL DIR;4.600415791271656;-74.1419536418981;VAL COORD
580;830042;Gran Colombiano;KR 79 F 41 56 SUR;KR 79 F 41 56 SUR;VAL DIR;4.623069081472314;-74.16060978330286;VAL COORD
581;830043;Ciudad de Bogota;KR 80 43 43 SUR;KR 80 43 43 SUR;VAL DIR;4.62093443971396;-74.1664300191861;VAL COORD
582;930044;Rafael Pombo;KR 97 A 19 35;KR 97 A 19 35;VAL DIR;4.6730551914612555;-74.14221474057653;VAL COORD
583;1030046;Engativa;CL 66 B 122 3;CL 66 B 122 3;VAL DIR;4.715899405558714;-74.13967457683863;VAL COORD
584;1030048;Plazuelas del Virrey;CL 72 A 106 91;CL 72 A 106 91;VAL DIR;4.70892860713917;-74.1219376582387;VAL COORD
585;1030049;Villa Cristina;KR 95 G 91 A 22;KR 95 G 91 A 22;VAL DIR;4.71933881646942;-74.1012752416519;VAL COORD
586;1030050;Los Cerezos;KR 89 80 35;KR 89 80 35;VAL DIR;4.704567776560093;-74.10258532599588;VAL COORD
587;1030051;San Marcos;KR 80 A 67 10;KR 80 A 67 10;VAL DIR;4.6876869557622;-74.1058136838272;VAL COORD
588;1030052;Satelite Estrada;KR 69 N 64 7;KR 69 N 64 7;VAL DIR;4.673041574263956;-74.09837920119567;VAL COORD
589;1030053;Bella Vista;KR 68 G 67 A 10;KR 68 G 67 A 10;VAL DIR;4.67611286716874;-74.0909393761243;VAL COORD
590;1030054;Las Ferias;KR 69 K 73 90;KR 69 K 73 90;VAL DIR;4.684135707284507;-74.08890410929283;VAL COORD
591;1030055;Satelite Las Ferias;KR 69 I 69 A 41;KR 69 I 69 A 41;VAL DIR;4.6802756919292365;-74.09193081250508;VAL COORD
592;1030056;Los Sauces;CL 69 121 29;CL 69 121 29;VAL DIR;4.7159646127642905;-74.13890461976125;VAL COORD
593;830057;Jairo Anibal Ni�o;KR 79 B 41 B 34 SUR;KR 79 B 41 B 34 SUR;VAL DIR;4.621608185424563;-74.16024097770514;VAL COORD
594;1030058;Garces Navas;CL 78 A 109 A 50;CL 78 A 109 A 50;VAL DIR;4.71502149247498;-74.1195575263019;VAL COORD
595;1130060;Gloria Lara;KR 94 D 131 3;KR 94 D 131 3;VAL DIR;4.730372092365864;-74.09135239683492;VAL COORD
596;1130061;La Manuelita;AK 91 129 A 10;AK 91 129 A 10;VAL DIR;4.7241108030872425;-74.08901186371301;VAL COORD
597;1130062;Julio Flores;KR 68 B 94 A 98;KR 68 B 94 A 98;VAL DIR;4.68761600082606;-74.0769781500306;VAL COORD
598;1130063;Helvetia;CL 129 55 5;CL 129 55 5;VAL DIR;4.71661766053349;-74.0637216987131;VAL COORD
599;1130064;Aures;Cl 130 B  96 57;CL 130 B 96 57;VAL DIR;4.7290910525878855;-74.09461886205183;VAL COORD
600;1230065;La Inmaculada;CL 73 51 27;CL 73 51 27;VAL DIR;4.669104700724266;-74.07444128231955;VAL COORD
601;1230066;Santa Sofia;KR 28 B 75 11;KR 28 B 75 11;VAL DIR;4.668594624807267;-74.06928847750711;VAL COORD
602;1230068;El Rosario;CL 63 B BIS 35 A 49;CL 63 B BIS 35 A 49;VAL DIR;4.654445788306502;-74.0798376669059;VAL COORD
603;1230069;Rionegro;CL 99 60 46;CL 99 60 46;VAL DIR;4.688365680147687;-74.06590448809884;VAL COORD
604;1830071;Marco A. Iriarte;KR 21 23 21 SUR;KR 21 23 21 SUR;VAL DIR;4.58365278693747;-74.1060160387316;VAL COORD
605;1830072;Samore;CL 41 SUR 31 77;CL 41 SUR 31 77;VAL DIR;4.58734476281664;-74.1252134152261;VAL COORD
606;1830073;Socorro Sur;KR 15 A 50 24 SUR;KR 15 A 50 24 SUR;VAL DIR;4.565399391644;-74.1243746862308;VAL COORD
607;1830076;Acacias;TV 13 32B 51 SUR;TV 13 32 B 51 SUR;VAL DIR;4.570660029641493;-74.11073053227342;VAL COORD
608;1830077;Pijaos;KR 10 B 35 2 SUR;KR 10 B 35 2 SUR;VAL DIR;4.565916400084134;-74.10393321964693;VAL COORD
609;1430079;Jorge Bejarano;CL 10 29 48;CL 10 29 48;VAL DIR;4.610376589441421;-74.09440695297407;VAL COORD
610;1430080;Nuevos Pasos;CL 5 A 26 A 17;CL 5 A 26 A 17;VAL DIR;4.60283806238005;-74.0961891835444;VAL COORD
611;1630081;Antonio Nari�o;KR 59 17 71;KR 59 17 71;VAL DIR;4.63424996179517;-74.1096063415314;VAL COORD
612;1530082;Restrepo;KR 20 19 26 SUR;KR 20 19 26 SUR;VAL DIR;4.58503740118561;-74.1031801110785;VAL COORD
613;1530083;Santander;KR 29 B 26 10 SUR;KR 29 B 26 10 SUR;VAL DIR;4.5920244031909;-74.1117238765195;VAL COORD
614;1630084;Alcala Muzu;KR 52 37 5 SUR;KR 52 37 5 SUR;VAL DIR;4.60214366743832;-74.1293303778164;VAL COORD
615;1630085;Camelia;TV 57 1 60 SUR;TV 57 1 60 SUR;VAL DIR;4.616821623095886;-74.12396624722334;VAL COORD
616;1630086;Calixto Torres;KR 65 4 17;KR 65 4 17;VAL DIR;4.62327282341614;-74.1220005374241;VAL COORD
617;1630087;Trinidad Galan;KR 60 # 4 - 15;KR 60 4 15;VAL DIR;4.62213305231394;-74.1205547516437;VAL COORD
618;1630088;Satelite Primavera;KR 41 B 5 57;KR 41 B 5 57;VAL DIR;4.61622512407774;-74.1076515362192;VAL COORD
619;1630089;Bochica;CL 1 A BIS 35 20;CL 1 A BIS 35 20;VAL DIR;4.60269746949426;-74.1096681312015;VAL COORD
620;1930092;Arborizadora Baja;CL 59 B SUR 43 17;CL 59 B SUR 43 17;VAL DIR;4.574603720742308;-74.14802126693107;VAL COORD
621;1930093;San Francisco;KR 20 A 67 27 SUR;KR 20 A 67 27 SUR;VAL DIR;4.5620524817057;-74.1489250749396;VAL COORD
622;1930094;La Estancia;KR 74 G 59 87 SUR;KR 74 G 59 87 SUR;VAL DIR;4.59270989537471;-74.1745260908588;VAL COORD
623;1930095;Urapanes;KR 18 A 80 82 SUR;KR 18 A 80 82 SUR;VAL DIR;4.537457893836106;-74.14249351920044;VAL COORD
624;1430097;Casa de Desarrollo Integral la Libelulosa;KR 15 8 57;KR 15 8 57;VAL DIR;4.60030112921049;-74.0833814812977;VAL COORD
625;1830098;Chiquitines del Bosque;KR 5 A BIS 48 P 84 SUR;KR 5 A BIS 48 P 84 SUR;VAL DIR;4.55211747611644;-74.1087234376317;VAL COORD
626;130099;Obra Suiza;Cl 182 6 21;CL 182 6 21;VAL DIR;4.7586781725944;-74.0259693010869;VAL COORD
627;130101;Verbenal Orientando Tus Pasitos;KR 17 BIS 186 C 8;KR 17 BIS 186 C 8;VAL DIR;4.7637658044563524;-74.03838306257016;VAL COORD
628;1930102;Maravilla Infantiles Nueva Colombia Sur;Calle 70 K SUR # 18 L - 49;CL 70 K SUR 18 L 49;VAL DIR;4.548578348473166;-74.15054663776903;VAL COORD
629;930103;La Caba�a Fontibon;KR 104 A BIS 23 G 44;KR 104 A BIS 23 G 44;VAL DIR;4.68386085054237;-74.138928698172;VAL COORD
630;930104;El Portal;TV 124 18 A 79;TV 124 18 A 79;VAL DIR;4.691051278515574;-74.1566476201933;VAL COORD
631;1430105;Los Martires;CL 3 B 29 57;CL 3 B 29 57;VAL DIR;4.602589900494075;-74.10046477471907;VAL COORD
632;1530106;Ba�l de Colores;CL 13 A SUR 10 49;CL 13 A SUR 10 49;VAL DIR;4.58055163423139;-74.091691622428;VAL COORD
633;730030;Laureles;CL 73 SUR 81 B 10;CL 73 SUR 81 B 10;VAL DIR;4.611146571433985;-74.19704270587242;VAL COORD
634;830035;Patio Bonito Satelite;KR 87 5 B 21;KR 87 5 B 21;VAL DIR;4.64182532437569;-74.1580443307755;VAL COORD
635;930045;La Giralda;CL 23 104 B 15;CL 23 104 B 15;VAL DIR;4.6822467982644;-74.1413500387928;VAL COORD
636;1130059;Suba;CL 146 C BIS 91 42;CL 146 C BIS 91 42;VAL DIR;4.740990159723894;-74.0846114061064;VAL COORD
637;1230067;Maria Goretti;CL 67 D 58 14;CL 67 D 58 14;VAL DIR;4.670060599483786;-74.0812865378848;VAL COORD
638;1830070;Colinas;KR 15 C 31 G 40 SUR;KR 15 C 31 G 40 SUR;VAL DIR;4.575068777260865;-74.11141183435544;VAL COORD
639;1430078;Samper Mendoza;KR 22 22 A 62;KR 22 22 A 62;VAL DIR;4.61714985280591;-74.0811958038425;VAL COORD
640;1999001;Bellavista;CL 69 SUR 18 B 36;CL 69 SUR 18 B 36;VAL DIR;4.549296134963484;-74.14564753979788;VAL COORD
641;1999002;Salon San Francisco;KR 22 64 99 SUR;KR 22 64 99 SUR;VAL DIR;4.56584271602053;-74.1474087184479;VAL COORD
642;301001;Archivo-Soporte Tecnico Sistemas;KR 5 33 44;KR 5 33 44;VAL DIR;4.61939335998009;-74.0653516302411;VAL COORD
643;1001004;Supervision Adultez;CL 63 D 69 74;CL 63 D 69 74;VAL DIR;4.671151803971884;-74.09659362393617;VAL COORD
644;1201005;Casa Gaitan;KR 54 78 40;KR 54 78 40;VAL DIR;4.674029545746988;-74.07227255690917;VAL COORD
645;1701007;Subdireccion Identificacion Caracterizacion e Integracion Social (Casa Rosada);CL 12 3 79;CL 12 3 79;VAL DIR;4.59725899947949;-74.0718869914637;VAL COORD
646;301002;Nivel Central;AK 7 32 16 PISO 6;AK 7 32 16;VAL DIR;4.6187911434481;-74.0680148459726;VAL COORD
647;401003;Subdireccion para La  Adultez Acercamiento;AC 11 SUR 1 B 10 ESTE;AC 11 SUR 1 B 10 ESTE;VAL DIR;4.574827944014608;-74.08035480837768;VAL COORD
648;401003;Gestion de Oportunidades y Seguridad Economica;AC 11 SUR 1 B 10 ESTE;AC 11 SUR 1 B 10 ESTE;VAL DIR;4.574827944014608;-74.08035480837768;VAL COORD
649;1301006;Subdireccion Adultez-Proyecto Adultez con Oportunidades;KR 16 A 30 74;KR 16 A 30 74;VAL DIR;4.61952514483233;-74.07239908359625;VAL COORD
650;105001;Subd Local Usaquen;CL 165 7 38;CL 165 7 38;VAL DIR;4.741572809891373;-74.02313402617061;VAL COORD
651;205002;Subd Local Chapinero;CL 50 A 13 58;CL 50 A 13 58;VAL DIR;4.6379802704578905;-74.0660269004545;VAL COORD
652;505005;Subd Local Usme-Sumapaz;AC 91 SUR 3 C 34 ESTE;AC 91 SUR 3 C 34 ESTE;VAL DIR;4.50140006757026;-74.1096894008225;VAL COORD
653;705007;Subd Local Bosa;CL 73 SUR 81 B 10;CL 73 SUR 81 B 10;VAL DIR;4.611146571433985;-74.19704270587242;VAL COORD
654;305003;Subd Local Santafe - Candelaria;KR 2 3 10;KR 2 3 10;VAL DIR;4.588064408257348;-74.07444087184007;VAL COORD
655;605006;Subd Local Tunjuelito;DG 47 A SUR 53 92;DG 47 A SUR 53 92;VAL DIR;4.59309191910064;-74.1411310254152;VAL COORD
656;905008;Subd Local Fontibon;KR 104 B 22 J 15;KR 104 B 22 J 15;VAL DIR;4.6819765480389215;-74.14173386116015;VAL COORD
657;1105010;Subd Local Suba;KR 91 146 C 15;KR 91 146 C 15;VAL DIR;4.74092069763429;-74.0842818701484;VAL COORD
658;1205011;Subd Local Barrios Unidos - Teusaquillo;KR 58 67 D 31;KR 58 67 D 31;VAL DIR;4.66986581547793;-74.0810575015435;VAL COORD
659;1405013;Subd Local Los Martires;Diagonal 22 B BIS # 20 - 51;DG 22 B BIS 20 51;VAL DIR;4.61730535163344;-74.0807010565543;VAL COORD
660;1605014;Subd Local Puente Aranda - Antonio Nari�o;KR 33 4 A 23;KR 33 4 A 23;VAL DIR;4.607547863526558;-74.10354002159546;VAL COORD
661;1805015;Subd Local Rafael Uribe Uribe;KR 15 C 31 G 40 SUR;KR 15 C 31 G 40 SUR;VAL DIR;4.575068777260865;-74.11141183435544;VAL COORD
662;805016;Subd Local Kennedy;CL 38 SUR 94 C 29;CL 38 SUR 94 C 29;VAL DIR;4.64577340603798;-74.1713094113848;VAL COORD
