1;Hamburguesas el Corral Aeropuerto;Aeropuerto Eldorado, Tercel Nivel  Local 101;;NOT VALID DIR;ERR LAT;ERR LON;NOT VALID COORD
3;Oma Barra de Cafe Aeropuerto Muelle Nacional;Aeropuerto Nuevo Dorado Muelle Nacional Sur Local 91;;NOT VALID DIR;ERR LAT;ERR LON;NOT VALID COORD
4;MC Donalds Aeropuerto;Aeropuerto El Dorado Local 2346 - 2347;;NOT VALID DIR;ERR LAT;ERR LON;NOT VALID COORD
5;Kokoriko Puente Aereo;Puente Aereo  Local  L-2 209 Aeropuerto;;NOT VALID DIR;ERR LAT;ERR LON;NOT VALID COORD
66;Restaurante Casa San Isidro;Paseo Bolivar No 21 - 48 Este Estacion Funicular;;NOT VALID DIR;ERR LAT;ERR LON;NOT VALID COORD
67;Restaurante Casa Santa Clara;Paseo Bolivar No 21 - 48 Este Estacion Funicular;;NOT VALID DIR;ERR LAT;ERR LON;NOT VALID COORD
68;Cafe De Monserrate;Cerro de Monserrate –Estacion del Funicular;;NOT VALID DIR;ERR LAT;ERR LON;NOT VALID COORD
108;El Portico;Kilometro 19 Autopista Norte;;NOT VALID DIR;ERR LAT;ERR LON;NOT VALID COORD
131;Frisby G49;Aeropuerto El Dorado Local 1330;;NOT VALID DIR;ERR LAT;ERR LON;NOT VALID COORD
268;Crepes & Waffles;Nuevo Aeropuerto Eldorado Local 4 Nivel Hall Publico ;;NOT VALID DIR;ERR LAT;ERR LON;NOT VALID COORD
275;Hamburguesas el Corral Exito Villa Mayor;Autopista Sur No 38 A - 07 Local 113;;NOT VALID DIR;ERR LAT;ERR LON;NOT VALID COORD
344;Kokorico Natural Rotisserie;Aeropuerto El Dorado T 1 Hall Publico P 3 FIB 3 Local T 1 008;;NOT VALID DIR;ERR LAT;ERR LON;NOT VALID COORD
389;Presto Nuevo Dorado;Aeropuerto Eldorado, T2 Zona Internacional;;NOT VALID DIR;ERR LAT;ERR LON;NOT VALID COORD
9;Hamburguesas el Corral Plaza;Centro Comercial Plaza de Las 'Americas' Carrera 71 D  No 6 - 94 Sur  Local 2912;KR 71 D 6 94 SUR;VAL DIR;4.618832129117629;-74.13531740938949;VAL COORD
2;Oma Barra de Cafe Bogota Puente Aereo;Avenida Calle 26 No 106 - 47 Primer Piso Diagonal Porteria 4 (Vuelos Nacionales de Avianca);AC 26 106 47;VAL DIR;4.68993666711489;-74.1309584560854;VAL COORD
6;Hamburguesas el Corral Centro Internacional;Carrera 7 No 32 - 83 Local 102;KR 7 32 83;VAL DIR;4.61948292793323;-74.0681203458139;VAL COORD
8;Hamburguesas el Corral Calle 93;Calle  93A No 14 - 30;CL 93 A 14 30;VAL DIR;4.677843409431563;-74.05077783344713;VAL COORD
7;Hamburguesas el Corral Hacienda;Centro Comercial Hacienda Santa Barbara Carrera 7 No 115 - 72 Local E-111;KR 7 115 72;VAL DIR;4.69353450466796;-74.0330142786836;VAL COORD
10;Hamburguesas el Corral Pepe Sierra;Avenida 116 No 18B - 75;AV 116 18 B 75;VAL DIR;4.69837068561794;-74.0493184421689;VAL COORD
14;Hamburguesas el Corral Calle 71;Carrera 9 No 71 - 24;KR 9 71 24;VAL DIR;4.65526829843717;-74.0573479370667;VAL COORD
13;Hamburguesas el Corral Calle 100;Calle 100 No 8 - 75 Primer Piso;CL 100 8 75;VAL DIR;4.68063237074353;-74.0401945771218;VAL COORD
12;Hamburguesas el Corral Atlantis;Calle 80 No 13 A - 20 Local 403;CL 80 13 A 20;VAL DIR;4.66595262610519;-74.0561078965054;VAL COORD
11;Corral Gourmet Atlantis;Calle 81 A No 13 A - 05 Local 01-02;CL 81 A 13 A 05;VAL DIR;ERR LAT;ERR LON;NOT VALID COORD
15;Corral Gourmet 93;Calle 93 A No 12 - 57 Local 3 y 4;CL 93 A 12 57;VAL DIR;4.67655200546123;-74.0489446451838;VAL COORD
16;Beer Station;Avenida Calle 116 No 15 - 59;AC 116 15 59;VAL DIR;4.696288364775955;-74.04415467032156;VAL COORD
17;Corral Gourmet 116;Avenida Calle 116 No 15 - 65;AC 116 15 65;VAL DIR;4.696342018751909;-74.04429771335073;VAL COORD
18;Hamburguesas el Corral Andino;Carrera 11 No 82 - 01 Local 405;KR 11 82 01;VAL DIR;4.66568647132824;-74.0530700859559;VAL COORD
19;Beer Station Zona T;Calle 83 No 12 A - 63;CL 83 12 A 63;VAL DIR;4.66762359793375;-74.0544756420672;VAL COORD
20;Hamburguesas el Corral Texaco 1;Carrera 7 No 69 - 26;KR 7 69 26;VAL DIR;4.65162765496409;-74.0570948771978;VAL COORD
21;La Cigale;Calle 69 A No 4 - 93;CL 69 A 4 93;VAL DIR;4.65122518438671;-74.0550851659088;VAL COORD
22;Restaurante Casa Vieja San Diego;Carrera 10 No 26 - 60;KR 10 26 60;VAL DIR;4.61245368491695;-74.0704177996688;VAL COORD
23;Crepes & Waffles;Carrera 11 No 85  - 79;KR 11 85 79;VAL DIR;4.66850568420961;-74.0511963563504;VAL COORD
25;Crepes & Waffles;Calle 100 No 8 A - 55 Local 138 - 139;CL 100 8 A 55;VAL DIR;4.6811721589181;-74.0412271476979;VAL COORD
24;Crepes & Waffles;Carrera 13 No  28  -  08 Local 36;KR 13 28 08;VAL DIR;4.61552709629267;-74.0698357136256;VAL COORD
26;Restaurante Casa Vieja;Avenida Jimenez No 3 - 57;AV JIMENEZ 3 57;VAL DIR;4.60057185704916;-74.0695491150855;VAL COORD
28;Crepes & Waffles;Carrera 12A No 83  -  40;KR 12 A 83 40;VAL DIR;4.667674813161353;-74.05361145649843;VAL COORD
27;Crepes & Waffles;Avenida Calle 13 No 4 - 55;AC 13 4 55;VAL DIR;4.60067263938946;-74.0705075668309;VAL COORD
29;Crepes & Waffles;Calle 93B No 12  -  28 Local 101;CL 93 B 12 28;VAL DIR;4.677504832417166;-74.04834002395368;VAL COORD
30;Archies Usaquen;Carrera 6 A No 119 - 01;KR 6 A 119 01;VAL DIR;4.695733866090773;-74.03113477138162;VAL COORD
31;Archies Pepe Sierra;Calle 116 No 17 - 13;CL 116 17 13;VAL DIR;4.69727653135356;-74.046365460087;VAL COORD
32;Archies Chico;Carrera 15 No 96 - 67;KR 15 96 67;VAL DIR;4.6823960109801;-74.0491331966833;VAL COORD
33;Archies Calle 93;Calle 93 A No 11 - 49;CL 93 A 11 49;VAL DIR;4.67576136511546;-74.0474303408506;VAL COORD
34;Archies Andino;Centro Comercial Andino Plaza Carrera 11 No 82 - 71 Piso 4 Local 406 ;KR 11 82 71;VAL DIR;4.66628727998579;-74.0527013691487;VAL COORD
35;Archies Zona Rosa;Calle 82 No 13 - 07 ;CL 82 13 07;VAL DIR;4.666852982674992;-74.05513354936602;VAL COORD
36;Archies Quinta Camacho;Calle 69 A No 10 - 03 ;CL 69 A 10 03;VAL DIR;4.65384490652502;-74.0597499393738;VAL COORD
37;Archies Calle 71;Calle 71 No 4 - 55;CL 71 4 55;VAL DIR;4.653056462811931;-74.05405956731677;VAL COORD
38;Archies Centro Internacional;Carrera 7 No 27 - 80;KR 7 27 80;VAL DIR;4.614779405486607;-74.06898958141628;VAL COORD
39;Restaurante Cali Mio No 11;Carrera 70 B No 25 - 47 Sur;KR 70 B 25 47 SUR;VAL DIR;4.615906736911955;-74.13669580421629;VAL COORD
40;Restaurante Cali Mio;Calle 85 No 16 - 48 Local 1;CL 85 16 48;VAL DIR;4.67069447375447;-74.0561703055668;VAL COORD
41;Bogota Beer Company S A;Carrera 12 No 83 - 33;KR 12 83 33;VAL DIR;4.667525818817786;-74.05343768551677;VAL COORD
43;Bogota Beer Company;Carrera 6 No 119 - 24;KR 6 119 24;VAL DIR;4.695649479147173;-74.03016042171406;VAL COORD
42;Bogota Beer Company;Carrera 11 A No 93 A - 94 ;KR 11 A 93 A 94;VAL DIR;4.67672704573345;-74.0473345705932;VAL COORD
44;Bogota Beer Company;Avenida 19 No 120 - 76;AV 19 120 76;VAL DIR;4.70130594161552;-74.0493263726227;VAL COORD
45;Bogota Beer Company;Calle 85 No 13  - 06;CL 85 13 06;VAL DIR;4.66925353470931;-74.0537220542426;VAL COORD
46;El Ovejo Cafe;Carrera 14 No 83 - 70 Piso 2;KR 14 83 70;VAL DIR;4.66870905569606;-74.054705979222;VAL COORD
47;Restaurante Wok;Carrera 9  69A -  63;KR 9 69 A 63;VAL DIR;4.653516924538012;-74.0588210691481;VAL COORD
49;Restaurante Wok;Avenida 19  No 118 - 75;AV 19 118 75;VAL DIR;4.70020971138676;-74.0498347156527;VAL COORD
48;Restaurante Wok;Carrera 13  No 82 - 74;KR 13 82 74;VAL DIR;4.66746536890273;-74.0545637451921;VAL COORD
50;Restaurante Wok;Calle 93B No 12 - 28;CL 93 B 12 28;VAL DIR;4.677504832417166;-74.04834002395368;VAL COORD
51;La Biferia;Calle 69 No 5 - 61;CL 69 5 61;VAL DIR;4.65117929136493;-74.0561416033105;VAL COORD
52;Restaurante La Brasserie;Carrera 13 No 85 - 35;KR 13 85 35;VAL DIR;4.66944082246876;-74.0536200625282;VAL COORD
53;Restaurante Patria;Calle 83 No 12A - 11;CL 83 12 A 11;VAL DIR;4.667391194954562;-74.05428319105258;VAL COORD
54;Restaurante Dilucca;Carrera 13 No 85 - 32;KR 13 85 32;VAL DIR;4.669481248192435;-74.0533271627641;VAL COORD
55;Restaurante Niko Cafe;Carrera 13 No 83 - 48;KR 13 83 48;VAL DIR;4.66805969059623;-74.0542304246021;VAL COORD
56;Restaurante Museo del Oro;Calle 16 No 5 - 41;CL 16 5 41;VAL DIR;4.60191393574091;-74.0717574389091;VAL COORD
58;La Fragata Restaurante Giratorio;Calle 100 No 8 A - 55 Piso 12;CL 100 8 A 55;VAL DIR;4.6811721589181;-74.0412271476979;VAL COORD
59;Fish Market La Fragata Zona T;Carrera 13 No 83 - 18;KR 13 83 18;VAL DIR;4.667828972520734;-74.05423637085298;VAL COORD
60;Apolos Men;Calle 85 No 11 - 18;CL 85 11 18;VAL DIR;4.66800774067971;-74.0515778134937;VAL COORD
57;La Fragata Internacional;Carrera  13 No 27 - 98 Piso 2;KR 13 27 98;VAL DIR;ERR LAT;ERR LON;NOT VALID COORD
61;Cotidiano Cafe Brasserie;Centro Comercial Andino Plaza Carrera 11 No 82 - 71 Local 402;KR 11 82 71;VAL DIR;4.66628727998579;-74.0527013691487;VAL COORD
62;Salto del Angel;Carrera 13 No 93 A - 45;KR 13 93 A 45;VAL DIR;4.677348062334457;-74.04922145136467;VAL COORD
64;Oliveto Pizza Gourmet;Carrera 6A No 118  -  57;KR 6 A 118 57;VAL DIR;4.695463448067765;-74.0312966972336;VAL COORD
63;Oliveto Pizza Gourmet;Carrera 5 No 70 - 26;KR 5 70 26;VAL DIR;4.652063411250476;-74.05476557910185;VAL COORD
65;El Olivar Restaurante;Carrera 6 No 10 - 40;KR 6 10 40;VAL DIR;4.59709635241529;-74.0747561059421;VAL COORD
69;Hard Rock Cafe;Centro Comercial Atlantis Calle 81 No 13 - 05  Local 011;CL 81 13 05;VAL DIR;4.666068450990536;-74.05577266070479;VAL COORD
70;MC Donalds Parque 93;Carrera 12 No 93  - 86;KR 12 93 86;VAL DIR;4.676108676684855;-74.0484387517325;VAL COORD
71;MC Donalds Andino;Carrera 11 No 82 - 02 Local 355;KR 11 82 02;VAL DIR;4.66559173027952;-74.0529189329731;VAL COORD
73;MC Donalds Pepe Sierra;Calle 116 No 18B  - 43;CL 116 18 B 43;VAL DIR;4.69831524475385;-74.0490414650202;VAL COORD
72;MC Donalds Plaza de Las Americas;Centro Comercial Plaza de Las Americas Carrera 71 D No 6 - 94 Sur Local 1500;KR 71 D 6 94 SUR;VAL DIR;4.618832129117629;-74.13531740938949;VAL COORD
75;MC Donalds Atlantis;Centro Comercial Atlantis Calle 81 No 13 - 05 Local 311;CL 81 13 05;VAL DIR;4.666068450990536;-74.05577266070479;VAL COORD
74;MC Donalds Avenida Jimenez;Avenida Jimenez No 7 - 25;AV JIMENEZ 7 25;VAL DIR;4.60140428965104;-74.0736522752908;VAL COORD
76;MC Donalds Salitre;Centro Comercial Salitre Plaza Carrera 68 B No 24  - 39 Local 3-102/3-104;KR 68 B 24 39;VAL DIR;4.653382271318041;-74.10992482267676;VAL COORD
77;MC Donalds Ciudad Salitre;Carrera 68B No 24 - 30;KR 68 B 24 30;VAL DIR;4.652064323278294;-74.10893205673587;VAL COORD
78;Taqueria Calle 93;Calle 93 A No 11 - 49 Local 2;CL 93 A 11 49;VAL DIR;4.67576136511546;-74.0474303408506;VAL COORD
79;Taqueria Calle 116;Calle 116 No 15 - 44 LC 2;CL 116 15 44;VAL DIR;4.69665182399327;-74.043463866989;VAL COORD
80;Paneroli 1;Centro Comercial Andino Carrera 11 No  82 - 71 Local 414 ;KR 11 82 71;VAL DIR;4.66628727998579;-74.0527013691487;VAL COORD
81;Oma Cafe Restaurante Bogota El Lago;Carrera 15 No 82 - 58;KR 15 82 58;VAL DIR;4.66799265769654;-74.0561515291367;VAL COORD
82;Oma Cafe Restaurante Bogota Bavaria;Carrera 10 No 27 - 91 Interior 117 Torre B;KR 10 27 91;VAL DIR;4.61482057719578;-74.0695394253195;VAL COORD
83;Oma Cafe Restaurante Bogota Parque 93;Calle 93 A No 12 - 55;CL 93 A 12 55;VAL DIR;4.67654369147338;-74.0489287273511;VAL COORD
85;Oma Cafe Restaurante Bogota Zona T;Carrera 12 A No 83 - 49;KR 12 A 83 49;VAL DIR;4.667951088331857;-74.05389875269127;VAL COORD
84;Oma Cafe Restaurante Bogota Andino;Centro Comercial Andino Plaza Carrera 11 No 82 - 71 Local 347;KR 11 82 71;VAL DIR;4.66628727998579;-74.0527013691487;VAL COORD
86;Oma Cafe Restaurante Bogota Gran Estacion;Centro Comercial Gran Estacion Calle 26 No 62 - 47 Local 157-158;CL 26 62 47;VAL DIR;ERR LAT;ERR LON;NOT VALID COORD
87;Donostia Cocina de Mercado;Calle 29 BIS No 5 - 84;CL 29 BIS 5 84;VAL DIR;4.61588330896012;-74.06732194318921;VAL COORD
88;Restaurante Felix;Avenida Jimenez No 4 - 80;AV JIMENEZ 4 80;VAL DIR;4.60080550599669;-74.0707297264009;VAL COORD
89;Tienda de Cafe;Calle 119 No 6 - 16;CL 119 6 16;VAL DIR;4.695553789180464;-74.03058979483714;VAL COORD
91;Cotidiano Cafe Brasserie;Carrera 5 No 71 - 45 Local 104;KR 5 71 45;VAL DIR;4.6537025014992635;-74.05417327739868;VAL COORD
90;Tramonti;Carrera 1 No 93 - 50;KR 1 93 50;VAL DIR;ERR LAT;ERR LON;NOT VALID COORD
92;Hamburguesas el Corral Parque Central Bavaria;Carrera 13 No 28 - 01 Local 173;KR 13 28 01;VAL DIR;4.61568052593084;-74.0699766368573;VAL COORD
94;Corral Gourmet Zona G;Calle 69 A No 5 - 09;CL 69 A 5 09;VAL DIR;4.651371260443724;-74.05551482794749;VAL COORD
93;Hamburguesas el Corral San Martin;Centro Comercial San Martin Carrera 7 No 32 - 16 Local 409;KR 7 32 16;VAL DIR;4.6187911434481;-74.0680148459726;VAL COORD
96;Restaurante Gato Negro;Calle 93 A No 11 A - 47;CL 93 A 11 A 47;VAL DIR;4.676028571623538;-74.04828733356683;VAL COORD
97;Corral Gourmet La Candelaria;Calle 11 No 5 - 60;CL 11 5 60;VAL DIR;4.59747436233786;-74.0740130807392;VAL COORD
98;LA Brasa Roja Pepe Sierra;Avenida 19 No 116 - 40;AV 19 116 40;VAL DIR;4.69897635983;-74.0497128017131;VAL COORD
99;Sopas de Mama y Postres de la Abuela Sucursal el Retiro;Carrera 9 No 81 A - 09;KR 9 81 A 09;VAL DIR;4.6644334574461865;-74.05155261165353;VAL COORD
100;Sopas de Mama y Postres de la Abuela - sucursal salitre;Avenida El Dorado No 68C - 61 Local 1-24;AV EL DORADO 68 C 61;VAL DIR;4.65662365687163;-74.1061984992096;VAL COORD
102;Sopas de Mama y Postres de la Abuela Sucursal Quinta Camacho;Calle 71 No 10 - 73;CL 71 10 73;VAL DIR;4.655962603754911;-74.05918566010794;VAL COORD
101;Sopas de Mama y Postres de la Abuela sucursal centro Internacional;Carrera 13 No 27 - 98 Local 241 Centro Internacional;KR 13 27 98;VAL DIR;ERR LAT;ERR LON;NOT VALID COORD
103;Sopas de Mama y Postres de la Abuela Sucursal Plaza de Bolivar;Carrera 9 No 10 - 59 ;KR 9 10 59;VAL DIR;4.599163358848991;-74.07747116778596;VAL COORD
104;Restaurante Wok;Carrera 6 BIS 29 -  07;KR 6 BIS 29 07;VAL DIR;4.616130124236476;-74.06833520842378;VAL COORD
105;La Biferia;Calle 29 Bis No 6 - 12;CL 29 BIS 6 12;VAL DIR;4.61590656171572;-74.0675334734314;VAL COORD
106;Hamburguesas el Corral La Candelaria;Calle 11 No 2 - 16;CL 11 2 16;VAL DIR;4.595704359878538;-74.07088389621903;VAL COORD
107;Hamburguesas el Corral Plaza 39;Avenida Calle 39 No 7 - 40 Local 233;AC 39 7 40;VAL DIR;4.6263706332793335;-74.06590572213042;VAL COORD
109;Frisby G17;Calle 71 No 9 -  21 / 39 LC 1  Plazoleta Quinta de Camacho;CL 71 9 21;VAL DIR;4.65513403136615;-74.05795015810466;VAL COORD
110;Crepes & Waffles;Carrera 6 No 119  -  56;KR 6 119 56;VAL DIR;4.695881797946535;-74.03000243497723;VAL COORD
111;Hamburguesas el Corral Avenida Chile;Calle 73 No 10 - 83 Local 6 y 7;CL 73 10 83;VAL DIR;4.65794218746265;-74.0576241767637;VAL COORD
113;Osaki USAQUEN;Calle 118 No 6 A - 09;CL 118 6 A 09;VAL DIR;4.69493772713982;-74.0315360718227;VAL COORD
114;Central Cevicheria;Carrera 13 No 85 - 14;KR 13 85 14;VAL DIR;4.6692841098655675;-74.05343411877554;VAL COORD
115;Osaki;Calle 71 No 5 - 10;CL 71 5 10;VAL DIR;4.6534896122424225;-74.05422631227253;VAL COORD
116;Osaki  93;Carrera 11 A No 93 A - 46 Local 101;KR 11 A 93 A 46;VAL DIR;4.676336146448512;-74.04735206570163;VAL COORD
117;Abasto Cafe & Despensa;Carrera 6 A No 119 B 52;KR 6 A 119 B 52;VAL DIR;4.69667301622454;-74.0304894247675;VAL COORD
118;Andres D.C;Calle 82 No 12 - 21;CL 82 12 21;VAL DIR;4.666390141010465;-74.05449090132512;VAL COORD
119;Boca Cocina Latina;Carrera 10 No 27 - 51 Local 174 Edificio Residencias Tequendama Norte;KR 10 27 51;VAL DIR;4.61450419678762;-74.0696619581697;VAL COORD
120;Punto Rapido Puente Aereo;Avenida calle 26 No 106 - 28 Puente Aereo  Local 207;AC 26 106 28;VAL DIR;4.692170884807782;-74.13397932248007;VAL COORD
121;Hamburguesas el Corral Parque 97;Avenida 19 No 97 - 05 Local 1-2;AV 19 97 05;VAL DIR;4.68417014464865;-74.052524698806;VAL COORD
122;Diana Garcia Chef en Movimiento;Carrera 7 No 70 - 94;KR 7 70 94;VAL DIR;4.65342218133671;-74.0559901487123;VAL COORD
123;Brasa Roja Plaza De Las Americas;Centro Comercial Plaza de Las Americas Carrera 71 D No 6 - 94 Sur Local 2905;KR 71 D 6 94 SUR;VAL DIR;4.618832129117629;-74.13531740938949;VAL COORD
124;Brasa Roja World Trade Center;Avenida Calle 100 No 8A - 55 Local 140/41/42;AC 100 8 A 55;VAL DIR;4.6811721589181;-74.0412271476979;VAL COORD
125;El Carnal;Carrera 12 No 83  -  47;KR 12 83 47;VAL DIR;4.667591411908926;-74.053370896306;VAL COORD
126;TGI Fridays ;Calle 93A No 11 - 27;CL 93 A 11 27;VAL DIR;4.675587473845093;-74.04743974761215;VAL COORD
127;Brasa Roja Centro Comercial San Martin;Centro Comercial San Martin Carrera 7 No 32 - 16 Local 404;KR 7 32 16;VAL DIR;4.6187911434481;-74.0680148459726;VAL COORD
128;La Despensa de Rafael;Calle 70 A No 9 - 95;CL 70 A 9 95;VAL DIR;4.65495173634965;-74.0586881998367;VAL COORD
130;Restaurante 69 Oyster Bar;Calle 69A No 5 - 59 Interior 1;CL 69 A 5 59;VAL DIR;4.651586376597388;-74.05587085138211;VAL COORD
132;Hamburguesas el Corral Edificio Continental;Avenida Jimenez No 4 - 16 Local 21 Mezzanine;AV JIMENEZ 4 16;VAL DIR;4.60097427371671;-74.0702588642085;VAL COORD
134;teriyki Thai;Carrera 13 No 83 - 66;KR 13 83 66;VAL DIR;4.668227803287118;-74.05400263896782;VAL COORD
133;teriyki Sushi Bar;Carrera 13 No 93 - 71;KR 13 93 71;VAL DIR;4.67615266323728;-74.0496415380801;VAL COORD
129;Rafael Restaurant;Calle 70 No 4 - 63;CL 70 4 63;VAL DIR;4.65147248266212;-74.05473723243803;VAL COORD
135;teriyki 69;Calle 69 A No 5 - 79;CL 69 A 5 79;VAL DIR;4.651723620498515;-74.05609897442449;VAL COORD
136;Crepes & Waffles;Avenida calle 39 No 7  -  40 Local 137;AC 39 7 40;VAL DIR;4.6263706332793335;-74.06590572213042;VAL COORD
137;La Plaza De Andres;Calle 82 No 12  -  21;CL 82 12 21;VAL DIR;4.666390141010465;-74.05449090132512;VAL COORD
138;El CoQ;Calle 84 No 14 - 02;CL 84 14 02;VAL DIR;ERR LAT;ERR LON;NOT VALID COORD
139;Marfalitos;Calle 12 No 7 - 32 Piso 4;CL 12 7 32;VAL DIR;4.599645313500862;-74.07513172711948;VAL COORD
140;Hamburguesas el Corral Torre Cuzesar;Avenida Calle 116 No 7 - 15 Interior 2;AC 116 7 15;VAL DIR;4.69364778036101;-74.0335834766166;VAL COORD
141;Papa Jhons Pepe Sierra;Calle 116 No 18 B - 40;CL 116 18 B 40;VAL DIR;4.69862590662019;-74.0489498218991;VAL COORD
142;Restaurante Agadon;Carrera 13 No 85 - 75;KR 13 85 75;VAL DIR;4.66975680809443;-74.0534478528926;VAL COORD
143;Restaurante Casa;Carrera 13 No 85 - 24;KR 13 85 24;VAL DIR;4.669383135123889;-74.05337954352753;VAL COORD
144;Brasa Roja Centro Comercial Avenida Chile;Centro Comercial 'Avenida' Chile Calle 72 No 10 -  34 Local 403 B;CL 72 10 34;VAL DIR;4.65681404753539;-74.0578542596714;VAL COORD
145;Criterion;Calle 69 A No 5 - 75;CL 69 A 5 75;VAL DIR;4.651671231820454;-74.05601237060739;VAL COORD
146;Bogota Beer Company;Carrera 5 No 71 - 75;KR 5 71 75;VAL DIR;4.65373661058354;-74.0540680569886;VAL COORD
147;Bogota Beer Company S A;Calle 116 No 16 - 78 ;CL 116 16 78;VAL DIR;4.69755397020789;-74.0458285690806;VAL COORD
148;Isola;Carrera 12 A No 83 - 30;KR 12 A 83 30;VAL DIR;4.667604956565646;-74.05366919474389;VAL COORD
149;Harrys Restaurante;Calle 70 No 5 - 57;CL 70 5 57;VAL DIR;4.65206236469689;-74.0555279605527;VAL COORD
151;Amarti;Calle 119 No 6 - 24;CL 119 6 24;VAL DIR;4.695621682446425;-74.03064454254367;VAL COORD
152;7 16 Steak House;Calle 119 B No 6 - 28;CL 119 B 6 28;VAL DIR;4.6962716165720675;-74.03021416163912;VAL COORD
153;Koi By Wathacushi ;Calle 119 No 6 A - 17;CL 119 6 A 17;VAL DIR;4.695552663050613;-74.0312671298899;VAL COORD
154;Cafe Renault;Calle 93 B No 11A - 84 Local 101;CL 93 B 11 A 84;VAL DIR;4.677317137251387;-74.04797958246132;VAL COORD
155;Wata Kushi;Carrera 12 No 83 - 17;KR 12 83 17;VAL DIR;4.667391692280948;-74.05356245901447;VAL COORD
156;Cafe Illy 87;Carrera 15 No 87 - 98;KR 15 87 98;VAL DIR;4.67251942084605;-74.0539570599122;VAL COORD
157;Piazza;Calle 83 12 - 26;CL 83 12 26;VAL DIR;4.66730498082306;-74.0537485516928;VAL COORD
158;Luna Restaurante;Calle 83 No 12 - 26;CL 83 12 26;VAL DIR;4.66730498082306;-74.0537485516928;VAL COORD
159;Il Panino;Calle 93 A No 11 A - 26 /30;CL 93 A 11 A 26;VAL DIR;4.67616252704612;-74.0479324108772;VAL COORD
161;La Hamburgueseria De La Macarena;Carrera 4 A No 27 - 27;KR 4 A 27 27;VAL DIR;4.61412222971161;-74.0663625982815;VAL COORD
160;Diner Parque de la 93;Carrera 11 A No 93B - 11;KR 11 A 93 B 11;VAL DIR;4.67685256273092;-74.0473491385833;VAL COORD
162;Restaurante Wok;Carrera 6A  117 -  02;KR 6 A 117 02;VAL DIR;4.694402859952793;-74.03164293617034;VAL COORD
163;Hamburguesas del rodeo;Carrera 7 No 13 - 41 Interior 101;KR 7 13 41;VAL DIR;4.60037268450802;-74.0741950141232;VAL COORD
164;Pesquera Jaramillo SUC. CHICO;Calle 93 A No 11 A - 31;CL 93 A 11 A 31;VAL DIR;4.675952682515625;-74.04814388477232;VAL COORD
165;Restaurante Casa Vieja Usaquen;Carrera 6 No 117 - 35;KR 6 117 35;VAL DIR;4.69435980189405;-74.0309641678586;VAL COORD
166;La Biferia;Calle 29 Bis No 6 - 12;CL 29 BIS 6 12;VAL DIR;4.61590656171572;-74.0675334734314;VAL COORD
167;La Romana Carrera 7;Carrera 7 No 19 - 48;KR 7 19 48;VAL DIR;4.60567979176066;-74.0713459298124;VAL COORD
168;Cafeteria Romana;Avenida Jimenez No  6 - 65;AV JIMENEZ 6 65;VAL DIR;4.60105530329235;-74.0730488958111;VAL COORD
169;Restaurante Donde Chucho   ;Calle 84 Bis No 13 - 43;CL 84 BIS 13 43;VAL DIR;4.668697220692575;-74.05451166347298;VAL COORD
170;Galeria Cafe Libro Restaurante Bar;Carrera 11 A No 93 - 42;KR 11 A 93 42;VAL DIR;4.675185996226946;-74.04793619227132;VAL COORD
171;Ristorante Bellini;Carrera 13 No 83 - 52;KR 13 83 52;VAL DIR;4.668138122993731;-74.05404999483628;VAL COORD
172;Trattoria Bellini;Carrera 13 No 28 A - 31 Piso 3;KR 13 28 A 31;VAL DIR;4.616629991639838;-74.06936491842143;VAL COORD
173;Aracataca Colombian Steakhouse;Carrera 13 No 28 A - 31 Local 101;KR 13 28 A 31;VAL DIR;4.616629991639838;-74.06936491842143;VAL COORD
174;Papa Jhons Avenida Chile;Carrera 9 No 71 - 60 /64;KR 9 71 60;VAL DIR;4.6554614579427875;-74.05714778090059;VAL COORD
175;La Mar Cebiche ria Peruana ;Calle 119 B No 6 - 01;CL 119 B 6 01;VAL DIR;4.695966115670056;-74.03027650699674;VAL COORD
178;MC Donalds Usaquen;Calle 118 No 6A - 76;CL 118 6 A 76;VAL DIR;4.695364322944483;-74.03192829760478;VAL COORD
177;MC Donalds Centro Internacional;Carrera 10 No 26 - 55 /57 Edificio Bachue;KR 10 26 55;VAL DIR;4.61266982250689;-74.0706326347421;VAL COORD
176;MC Donalds Gran Estacion;Centro Comercial Gran Estacion Avenida Calle 26 No 62 - 47 Local 3-36;AC 26 62 47;VAL DIR;ERR LAT;ERR LON;NOT VALID COORD
179;Papa Jhons USAQUEN;Calle 121 No 6 - 11;CL 121 6 11;VAL DIR;4.697128697985278;-74.02968594137212;VAL COORD
180;Restaurantes Brasa Brasil ;Calle 118 No 19 – 12;CL 118 19 12;VAL DIR;4.699727665712855;-74.05008112428999;VAL COORD
181;Restaurante BAR Museo del Tequila;Carrera 13 A No 86 A - 18;KR 13 A 86 A 18;VAL DIR;4.6706927130933265;-74.05331765403363;VAL COORD
182;Crepes & Waffles;Calle 81 No 13  -  05 Local 414;CL 81 13 05;VAL DIR;4.666068450990536;-74.05577266070479;VAL COORD
183;Crepes & Waffles;Centro Comercial Plaza de Las Americas Carrera 71D No 6  -  94 Sur Local 1092;KR 71 D 6 94 SUR;VAL DIR;4.618832129117629;-74.13531740938949;VAL COORD
184;Crepes & Waffles;Carrera 9 No 73  –  33;KR 9 73 33;VAL DIR;4.657502885784205;-74.05616470940258;VAL COORD
185;Crepes & Waffles;Avenida 19 No 120 - 16;AV 19 120 16;VAL DIR;4.70077094344547;-74.049416825306;VAL COORD
186;Crepes & Waffles;Centro comercial Salitre Plaza Carrera 68 B No 24 - 39  Local 324;KR 68 B 24 39;VAL DIR;4.653382271318041;-74.10992482267676;VAL COORD
187;Crepes & Waffles;Carrera 7 No 32  -  84 Local 210;KR 7 32 84;VAL DIR;4.61936722169614;-74.0678063452205;VAL COORD
188;Restaurante Lomos;Carrera 21 No 100 - 23;KR 21 100 23;VAL DIR;4.686877688772718;-74.05464200959567;VAL COORD
189;Sipote Burrito;Centro Comercial Andino Carrera 11 No 82 - 71 Local 403;KR 11 82 71;VAL DIR;4.66628727998579;-74.0527013691487;VAL COORD
190;Hamburguesas el Corral Quinta de Bolivar;Calle 19 A No 04 - 08 Este;CL 19 A 04 08 ESTE;VAL DIR;4.602114865790719;-74.06425862327144;VAL COORD
192;Hamburguesas el Corral Salitre;Centro Comercial Salitre Plaza Carrera 68 B No 24 - 39 Local 371;KR 68 B 24 39;VAL DIR;4.653382271318041;-74.10992482267676;VAL COORD
191;Hamburguesas el Corral Javeriana;Calle 41 No 7 - 29;CL 41 7 29;VAL DIR;4.628587725695377;-74.06545699533119;VAL COORD
193;Corral Gourmet Salitre;Centro Comercial Salitre Plaza Carrera 68 B No 24 - 39 Local 355;KR 68 B 24 39;VAL DIR;4.653382271318041;-74.10992482267676;VAL COORD
194;La Bottega De Andrei ;Calle 119 B No 6 A - 18;CL 119 B 6 A 18;VAL DIR;4.696427261007077;-74.0308608965848;VAL COORD
195;Restaurante Mediterranea De Andrei;Carrera 6 A No 119 B - 05;KR 6 A 119 B 05;VAL DIR;4.69632829243679;-74.0307464660213;VAL COORD
196;Gaira Cafe;Carrera 13 No 96 - 11;KR 13 96 11;VAL DIR;4.68061833931251;-74.0476115227831;VAL COORD
197;Archies Santafe;Centro Comercial Santafe Calle 185 No 45 - 03 Local N3-063 ;CL 185 45 03;VAL DIR;4.7622957876101015;-74.04639970687683;VAL COORD
199;Hamburguesas el Corral Santafe ;Centro Comercial Santafe Calle 185 No 45 - 03 Local 381;CL 185 45 03;VAL DIR;4.7622957876101015;-74.04639970687683;VAL COORD
198;Archies Salitre;Calle 26 No 62 - 49 Local 318;CL 26 62 49;VAL DIR;ERR LAT;ERR LON;NOT VALID COORD
202;Hamburguesas el Corral Unicentro II;Centro Comercial Uncientro Avenida 15 No 124 - 30  Local  409;AV 15 124 30;VAL DIR;4.70250909655203;-74.0426948404371;VAL COORD
200;Hamburguesas el Corral Gran Estacion;Centro Comercial Gran Estacion Avenida Calle 26 No 62 - 47 Local 314 - 315;AC 26 62 47;VAL DIR;ERR LAT;ERR LON;NOT VALID COORD
203;Hamburguesas el Corral Centro Mayor II;Centro Comercial Centro Mayor  Calle 38 A Sur No 34 D - 51 Local 3024 A;CL 38 A SUR 34 D 51;VAL DIR;4.5929137574037;-74.1230882912499;VAL COORD
201;Hamburguesas el Corral Gran Estacion II;Centro Comercial Gran Estacion Avenida Calle 26 No 62 - 47 Local 350;AC 26 62 47;VAL DIR;ERR LAT;ERR LON;NOT VALID COORD
204;Hamburguesas el Corral Iserra;Centro Comercial Iserra 100 Transversal 55 No 98 A - 66 Local 315;TR 55 98 A 66;VAL DIR;4.687972546289456;-74.06423013405586;VAL COORD
205;Hamburguesas el Corral GALERIAS;Calle 52 No 24 - 12;CL 52 24 12;VAL DIR;4.640907832800041;-74.07429682310247;VAL COORD
206;Hamburguesas el Corral Unicentro I;Centro Comercial Unicentro Avenida 15 No 124 - 30  Local 2078;AV 15 124 30;VAL DIR;4.70250909655203;-74.0426948404371;VAL COORD
207;Hamburguesas el Corral Calima;Centro Comercila Calima Avenida Calle 19 No 28 - 80 Local C-30;AC 19 28 80;VAL DIR;4.61720624799301;-74.0867101542629;VAL COORD
208;Hamburguesas el Corral Carulla Galerias;Calle 53 No 26 - 60;CL 53 26 60;VAL DIR;4.64218427161415;-74.0758418149872;VAL COORD
209;Hamburguesas el Corral Bulevar Niza;Avenida Carrera 58 No 127 - 59 Local 318 - 319 - 320;AK 58 127 59;VAL DIR;4.71225330535868;-74.07137079814447;VAL COORD
210;Hamburguesas el Corral Centro Mayor I;Centro Comercial Centro Mayor Calle 38 A Sur No 34 D - 51 Local 2 -101 y 2 - 102;CL 38 A SUR 34 D 51;VAL DIR;4.5929137574037;-74.1230882912499;VAL COORD
211;Corral Gourmet Gran Estacion;Centro Comercial Gran Estacion Avenida Calle 26 No 62 - 47 Local  343;AC 26 62 47;VAL DIR;ERR LAT;ERR LON;NOT VALID COORD
213;Hamburguesas el Corral Santafe II;Centro Comercial Santafe Calle 183 No 45 - 03 Local 3-102;CL 183 45 03;VAL DIR;4.75974050229424;-74.0446835154801;VAL COORD
212;Corral Gourmet Santa Ana;Calle 110 No 9 A - 60 Local 303;CL 110 9 A 60;VAL DIR;ERR LAT;ERR LON;NOT VALID COORD
214;Hamburguesas el Corral Americas;Avenida Americas No 39 A - 22;AV AMERICAS 39 A 22;VAL DIR;ERR LAT;ERR LON;NOT VALID COORD
216;La Brasa Roja Centro Comercial Santafe;Centro Comercial Santafe Calle 185 No 45 - 03 Local 392;CL 185 45 03;VAL DIR;4.7622957876101015;-74.04639970687683;VAL COORD
217;MC Donalds Bulevar Niza;Avenida Carrera 58 No 127 - 59 Local  2128/2129;AK 58 127 59;VAL DIR;4.71225330535868;-74.07137079814447;VAL COORD
215;La Brasa Roja Gran Estacion;Centro Comercial Gran Estacion Avenida Calle 26 No 62 - 47 Local 302;AC 26 62 47;VAL DIR;ERR LAT;ERR LON;NOT VALID COORD
218;MC Donalds Santafe;Centro Comercial Santafe Calle 183 No 45 - 03 Local 3-121;CL 183 45 03;VAL DIR;4.75974050229424;-74.0446835154801;VAL COORD
220;Mc Donalds GALERIA 2;Calle 53 No 25 - 30;CL 53 25 30;VAL DIR;4.64199012381569;-74.0747396722234;VAL COORD
222;MC Donalds Centro Mayor;Centro Comercial Centro Mayor Calle 38 A Sur No 34 D - 51 Local 2115 B-C;CL 38 A SUR 34 D 51;VAL DIR;4.5929137574037;-74.1230882912499;VAL COORD
221;MC Donalds Calima;Centro Comercial Calima Avenida Calle 19 No 28 - 10 Local C27;AC 19 28 10;VAL DIR;4.61689687719036;-74.0864298501031;VAL COORD
219;MC Donalds Unicentro;Centro Comercial Unicentro Avenida 15 No 123 - 30 Local 1-65;AV 15 123 30;VAL DIR;ERR LAT;ERR LON;NOT VALID COORD
223;Lina's Sandwiches;Centro Comercial Andino Carrera 11 No 82 - 71 Local 150;KR 11 82 71;VAL DIR;4.66628727998579;-74.0527013691487;VAL COORD
225;Crepes & Waffles;Avenida Carrera 58 No 127 - 59 Local 25 - 335;AK 58 127 59;VAL DIR;4.71225330535868;-74.07137079814447;VAL COORD
224;Crepes & Waffles;Carrera 24 No 53  - 73 Local 103;KR 24 53 73;VAL DIR;4.64244567164266;-74.073938027213;VAL COORD
226;Crepes & Waffles;Avenida Carrera 9 No 110 - 50 Local 304/305;AK 9 110 50;VAL DIR;4.6906814103383185;-74.03675457677565;VAL COORD
227;Crepes & Waffles;Centro Comercial Calima Avenida Calle 19 No 28 - 80 Local C32;AC 19 28 80;VAL DIR;4.61720624799301;-74.0867101542629;VAL COORD
229;Crepes & Waffles;Centro Comercial Centro Mayor Calle 38 A Sur No 34 D - 51 Plaza del Equilibrista Piso 2;CL 38 A SUR 34 D 51;VAL DIR;4.5929137574037;-74.1230882912499;VAL COORD
230;Crepes & Waffles;Centro comercial Santafe Calle 185 No 45 - 03 Local 357;CL 185 45 03;VAL DIR;4.7622957876101015;-74.04639970687683;VAL COORD
228;Crepes & Waffles;Centro comercial Gran Estacion Avenida Calle 26 No  62 - 47 Local 321;AC 26 62 47;VAL DIR;ERR LAT;ERR LON;NOT VALID COORD
232;Enchiladas Cocina Mexicana;Calle 10 No 2 - 12;CL 10 2 12;VAL DIR;4.594676470588791;-74.0715000895527;VAL COORD
231;Crepes & Waffles;Carrera 15 No 123  -  30 Local 1089;KR 15 123 30;VAL DIR;ERR LAT;ERR LON;NOT VALID COORD
233;Tabula;Calle 29 BIS No 5 - 90;CL 29 BIS 5 90;VAL DIR;4.615910944083655;-74.06738267382543;VAL COORD
235;T-Bone;Carrera 4 No 12 C - 34;KR 4 12 C 34;VAL DIR;4.59942097037751;-74.0708958539972;VAL COORD
234;Capital Cocina Y Cafe;Calle 10 No 2 - 99;CL 10 2 99;VAL DIR;4.5950799188554745;-74.07238729011668;VAL COORD
238;Hamburguesas el Corral Calle 90;Carrera 18 No 89 - 38;KR 18 89 38;VAL DIR;4.675304216230521;-74.05524529074032;VAL COORD
236;Papa Jhons Centro Mayor;Centro Comercial Centro Mayor Calle 38 A Sur No 34 D - 51 Local 3024;CL 38 A SUR 34 D 51;VAL DIR;4.5929137574037;-74.1230882912499;VAL COORD
239;El Gato Gris;Carrera 1A No 12 B  - 12;KR 1 A 12 B 12;VAL DIR;4.59766693157217;-74.0692185557933;VAL COORD
241;Carbon 100 Avenida Chile;Calle 73 No 10 - 83 Local 409;CL 73 10 83;VAL DIR;4.65794218746265;-74.0576241767637;VAL COORD
240;Carbon 100 Unicentro;Centro Comercial Unicentro Avenida 15 No 124  - 30 Local 408;AV 15 124 30;VAL DIR;4.70250909655203;-74.0426948404371;VAL COORD
243;Presto Word Trade Center;Carrera 11 No 98 - 46;KR 11 98 46;VAL DIR;4.68122235129336;-74.043945376579;VAL COORD
242;Restaurante Wok;Centro Comercial Gran Estacion Avenida Calle 26 No 62 - 47 Local 1-48;AC 26 62 47;VAL DIR;ERR LAT;ERR LON;NOT VALID COORD
244;Presto Pepe Sierra;Calle 116 No 19 - 62;CL 116 19 62;VAL DIR;4.69888340912494;-74.05046738815;VAL COORD
246;Presto Palma Real;Carrera A 13 No 28 - 23 Local 1-A4;KR 13 28 23;VAL DIR;4.61574700167365;-74.0698718456159;VAL COORD
245;Presto Calle 23;Carrera 7 No 22 - 95;KR 7 22 95;VAL DIR;4.60887336358636;-74.070597374786;VAL COORD
247;Presto Carrera 7;Carrera 7 No 12B - 72;KR 7 12 B 72;VAL DIR;4.6004993673945;-74.0738587980402;VAL COORD
248;Presto Avenida Chile;Centro Comercial 'Avenida' Chile Calle 72 No 10 - 34 Plazoleta de Comidas;CL 72 10 34;VAL DIR;4.65681404753539;-74.0578542596714;VAL COORD
249;Presto Calle. 85;Calle 85 No 12 - 61;CL 85 12 61;VAL DIR;4.66860414634882;-74.0529711157766;VAL COORD
250;Burger Station San Martin - Presto San Martin;Carrera 7 No 31 - 70;KR 7 31 70;VAL DIR;4.61817354189045;-74.0682221574116;VAL COORD
251;Presto Landia;Calle 100 No 17 - 10;CL 100 17 10;VAL DIR;4.68578262279714;-74.0497751871945;VAL COORD
252;Frisby G81;Centro Comercial Atlantis Plaza Calle 81 No 13 - 05 Local 404;CL 81 13 05;VAL DIR;4.666068450990536;-74.05577266070479;VAL COORD
254;KFC;Centro Comercial Atlantis Plaza Calle 81 No 13 - 05 Local 407;CL 81 13 05;VAL DIR;4.666068450990536;-74.05577266070479;VAL COORD
255;Frisby H16;Centro Comercial Andino Carrera A 11 No 82 - 11  Local 419;KR 11 82 11;VAL DIR;4.66592002050568;-74.0529441498411;VAL COORD
256;Presto Colsubsidio Calle 26;Calle 26 No 25 - 50 Piso 2;CL 26 25 50;VAL DIR;4.62217279928214;-74.0773902633929;VAL COORD
257;Frisby G48;Centro Comercial 'Avenida' Chile Calle 72 No 10 - 34 Local 405;CL 72 10 34;VAL DIR;4.65681404753539;-74.0578542596714;VAL COORD
259;Frisby No 50;Centro Comercial Salitre Plaza Carrera 68 B No 24 - 39 Local 384 ;KR 68 B 24 39;VAL DIR;4.653382271318041;-74.10992482267676;VAL COORD
258;Frisby No 43;Centro Comercial Plaza de Las Americas Carrera 71 D No 6  - 94 Local 29 - 02 ;KR 71 D 6 94;VAL DIR;ERR LAT;ERR LON;NOT VALID COORD
260;KFC;Centro Comercial Salitre Plaza Carrera 68 B No 24 - 39 Local 377;KR 68 B 24 39;VAL DIR;4.653382271318041;-74.10992482267676;VAL COORD
261;Paneroli;Centro Comercial Salitre Plaza Carrera 68 B No 24 - 39 Local 419 ;KR 68 B 24 39;VAL DIR;4.653382271318041;-74.10992482267676;VAL COORD
263;Paneroli 3;Centro Comercial Unicentro Avenida 15 No 124 - 30  Local 419 ;AV 15 124 30;VAL DIR;4.70250909655203;-74.0426948404371;VAL COORD
262;Paneroli-3;Centro Comercial Gran Estacion Avenida Calle 26 No 62 - 47 Local 320A ;AC 26 62 47;VAL DIR;ERR LAT;ERR LON;NOT VALID COORD
264;MC Donalds Titan;Centro Comercial Titan Avenida Carrera 72 No 80 - 94;AK 72 80 94;VAL DIR;4.694859288695312;-74.0863303514851;VAL COORD
266;Restaurante Gaudi;Carrera 4A No 27 - 54;KR 4 A 27 54;VAL DIR;4.614402381670972;-74.06606497381571;VAL COORD
267;La Bonga del Sinu;Carrera 14 No 93  -  88;KR 14 93 88;VAL DIR;4.677223853189947;-74.05058678773831;VAL COORD
265;Restaurante WOK;Calle 110 No 9 B - 04 ;CL 110 9 B 04;VAL DIR;ERR LAT;ERR LON;NOT VALID COORD
269;Hamburguesas el Corral ESSO 100;Calle 100 No 11 - 79 Local 8 y 9;CL 100 11 79;VAL DIR;4.6827186686818;-74.0441370312262;VAL COORD
270;Hamburguesas el Corral Plaza de Las Americas II;Centro Comercial Plaza de Las Americas Carrera 71 D No 6 - 94 Sur Local 1120;KR 71 D 6 94 SUR;VAL DIR;4.618832129117629;-74.13531740938949;VAL COORD
274;Papa Jhons Salitre;Calle 24 A No 69 C - 52;CL 24 A 69 C 52;VAL DIR;4.65834022256584;-74.1121211220222;VAL COORD
276;Papa Jhons Galerias;Calle 52 No 23 - 06 /10;CL 52 23 06;VAL DIR;4.640789847480901;-74.07374560405812;VAL COORD
278;Cali Mio Centro Comercial Santafe;Centro Comercial Santafe Calle 185 No 45 03 Local 3 - 11;CL 185 45 03;VAL DIR;4.7622957876101015;-74.04639970687683;VAL COORD
279;LA Brasa Roja Hacienda Santa Barbara;Calle 114 No 6 A - 92 Local 108;CL 114 6 A 92;VAL DIR;4.69215336818439;-74.0328492118166;VAL COORD
280;La Brasa Roja Calle 67;Carrera 11 No 66 - 75;KR 11 66 75;VAL DIR;4.65264483932932;-74.0615709185701;VAL COORD
277;Crepes & Waffles;Centro comercial Gran Estacion Avenida Calle 26 No  62 - 47  Local 319-320 Esfera;AC 26 62 47;VAL DIR;ERR LAT;ERR LON;NOT VALID COORD
281;Don Jediondo Sopitas y Parrilla;Transversal 55 No 98 A - 66 Local 318;TR 55 98 A 66;VAL DIR;4.687972546289456;-74.06423013405586;VAL COORD
282;Don Jediondo Sopitas y Parrilla;Centro Comercial Plaza de Las Americas Carrera 71 D No 6 - 94 Sur Local 2913;KR 71 D 6 94 SUR;VAL DIR;4.618832129117629;-74.13531740938949;VAL COORD
283;Don Jediondo Sopitas y Parrilla ;Centro Comercial Santafe Calle 185 No 45 - 03 LC 395;CL 185 45 03;VAL DIR;4.7622957876101015;-74.04639970687683;VAL COORD
284;Narcobollo 3;Carrera 20 No 116 - 14;KR 20 116 14;VAL DIR;4.69905357809992;-74.0514952465296;VAL COORD
285;La Bonga del Sinu;Calle 116 No 16 -  89;CL 116 16 89;VAL DIR;4.69716373815062;-74.0460626727585;VAL COORD
287;Cafe Illy Unicentro;Centro Comercial Unicentro Avenida 15 No 124 - 30 Local 1 - 12;AV 15 124 30;VAL DIR;4.70250909655203;-74.0426948404371;VAL COORD
286;Diner Unicentro;Avenida 15 No 123 - 30 Local 2 142;AV 15 123 30;VAL DIR;ERR LAT;ERR LON;NOT VALID COORD
288;Presto Puente Aereo;Calle 26 No 106 - 28 Puente Aereo ;CL 26 106 28;VAL DIR;4.692170884807782;-74.13397932248007;VAL COORD
289;El Carnal;Centro Comercial Hacienda Santa Barbara Carrera 7 No 115 - 72 Local E-205;KR 7 115 72;VAL DIR;4.69353450466796;-74.0330142786836;VAL COORD
290;El Carnal;Centro Comercial Santafe Calle 185 No 45 - 03 Local 3N-125;CL 185 45 03;VAL DIR;4.7622957876101015;-74.04639970687683;VAL COORD
291;El Carnal;Calle 85 No 13 -  20;CL 85 13 20;VAL DIR;4.66931662724916;-74.0538296199452;VAL COORD
292;El Carnal;Centro Comercial Centro Mayor Calle 38 A Sur No 34 D - 51 Local  2114;CL 38 A SUR 34 D 51;VAL DIR;4.5929137574037;-74.1230882912499;VAL COORD
293;El Carnal;Centro Comercial Plaza De Las Americas Carrera 71 D No 6 - 94 Sur Local 2910;KR 71 D 6 94 SUR;VAL DIR;4.618832129117629;-74.13531740938949;VAL COORD
295;El Carnal;Centro Comercial Unicentro Avenida 15 No 124 - 30 Local 4-10;AV 15 124 30;VAL DIR;4.70250909655203;-74.0426948404371;VAL COORD
294;El Carnal;Centro Comercial Gran Estacion Avenida Calle 26 No 62 - 47 Local 351;AC 26 62 47;VAL DIR;ERR LAT;ERR LON;NOT VALID COORD
296;El Carnal;Calle 82 No 13 - 15;CL 82 13 15;VAL DIR;4.666908601639001;-74.05522195172088;VAL COORD
297;Corral Gourmet Usaquen;Calle 119 B No 5 - 86;CL 119 B 5 86;VAL DIR;4.696092778358007;-74.02996225525153;VAL COORD
298;Nueve ;Calle 70 A No 10 A - 18;CL 70 A 10 A 18;VAL DIR;4.655564351810071;-74.05926881491861;VAL COORD
299;KFC;Transversal 23 No 97 - 73;TR 23 97 73;VAL DIR;4.6855396592644265;-74.05647982477826;VAL COORD
300;Don Jediondo Sopitas y Parrilla;Centro Comercial Calima Calle 19 No 28 - 80 Local R-7;CL 19 28 80;VAL DIR;4.61720624799301;-74.0867101542629;VAL COORD
301;Don Jediondo Sopitas y Parrilla ;Centro Comercial Unicentro Avenida 15 No 124 - 30 Local 418;AV 15 124 30;VAL DIR;4.70250909655203;-74.0426948404371;VAL COORD
303;Don Jediondo Gurme´s;Centro Comercial Calima Calle 19 No 28 - 80 Local C-31;CL 19 28 80;VAL DIR;4.61720624799301;-74.0867101542629;VAL COORD
305;Don Jediondo Sopitas y Parrilla ;Carrera 7 No 32 - 70 Local 419;KR 7 32 70;VAL DIR;4.61924861002906;-74.0678493445291;VAL COORD
304;Don Jediondo Sopitas y Parrilla ;Centro Comercial Gran Estacion Avenida Calle 26 No 62 - 47 Local 304;AC 26 62 47;VAL DIR;ERR LAT;ERR LON;NOT VALID COORD
306;La Popular de Andres Contenedores;Centro Comercial Hacienda Santa Barbara Carrera 7 No 115 - 60 ;KR 7 115 60;VAL DIR;4.69343499972033;-74.0330544674165;VAL COORD
307;Andres Expres Caseta de Luxe;Centro Comercial Salitre Plaza Carrera 68 B No 24 - 39 Local 391 ;KR 68 B 24 39;VAL DIR;4.653382271318041;-74.10992482267676;VAL COORD
308;Zatar;Carrera 5 No 69 - 15;KR 5 69 15;VAL DIR;4.651168773142247;-74.05563515635049;VAL COORD
309;Mc Donalds Calle 72;Carrera 9 No 71 - 31 /35;KR 9 71 31;VAL DIR;4.655537758153103;-74.05751674505568;VAL COORD
310;La Popular de Andres Contenedores;Calle 93 B No 13 - 43;CL 93 B 13 43;VAL DIR;4.67764735720446;-74.0492299731087;VAL COORD
311;PPC Pollo, Pizza, Carne;Calle 53 No 25 - 53;CL 53 25 53;VAL DIR;4.64183600219731;-74.0749778460849;VAL COORD
312;PPC Pollo, Pizza, Carne;Centro Comercial Centro Mayor Calle 38 A Sur No 34 D - 51 Local 114;CL 38 A SUR 34 D 51;VAL DIR;4.5929137574037;-74.1230882912499;VAL COORD
313;Mc Donalds Tunal;Calle 47 B Sur No 24 B - 33;CL 47 B SUR 24 B 33;VAL DIR;4.57804888704055;-74.1293997180146;VAL COORD
314;PPC Pollo, Pizza, Carne;Centro Comercial Plaza de Las Americas Carrera 71 D No 6  - 94 Sur Local 2525;KR 71 D 6 94 SUR;VAL DIR;4.618832129117629;-74.13531740938949;VAL COORD
315;PPC Pollo, Pizza, Carne;Transversal 35 No 38 A - 20 Sur  Local 2-122;TR 35 38 A 20 SUR;VAL DIR;4.59408348071765;-74.1231369744062;VAL COORD
316;PPC Pollo, Pizza, Carne;Centro Comercial Calima Avenida Calle 19 No 28 - 10 Local 28;AC 19 28 10;VAL DIR;4.61689687719036;-74.0864298501031;VAL COORD
317;PPC Pollo, Pizza, Carne;Centro Comercial Calima Avenida Calle 19 No 28 - 80 Local C-29;AC 19 28 80;VAL DIR;4.61720624799301;-74.0867101542629;VAL COORD
318;PPC Pollo, Pizza, Carne;Calle 26 No 51 A - 15 Local 322;CL 26 51 A 15;VAL DIR;ERR LAT;ERR LON;NOT VALID COORD
319;PPC Pollo, Pizza, Carne;Centro Comercial Gran Estacion Calle 26 No 51  A - 15 Local 322 ;CL 26 51 A 15;VAL DIR;ERR LAT;ERR LON;NOT VALID COORD
322;Bagatelle S.A.S.;Diagonal 70 A No 4 - 99;DG 70 A 4 99;VAL DIR;4.652469891277492;-74.05442181366993;VAL COORD
321;Sopas de Mama y Postres de la Abuela Sucursal Unicentro;Centro Comercial Unicentro Avenida 15 No 124 - 30 Local 1-060;AV 15 124 30;VAL DIR;4.70250909655203;-74.0426948404371;VAL COORD
320;PPC Pollo, Pizza, Carne;Diagonal 22B No 63 - 30 Local 341;DG 22 B 63 30;VAL DIR;ERR LAT;ERR LON;NOT VALID COORD
323;Bagatelle S.A.S.;Carrera 11 A No 94 - 45;KR 11 A 94 45;VAL DIR;4.678191135041353;-74.04696630546981;VAL COORD
324;Sopas de Mama y Postres de la Abuela  Sucursal Centro Mayor;Centro Comercial Centro Mayor Calle 38 A Sur No 34 D - 50 Local 316;CL 38 A SUR 34 D 50;VAL DIR;4.592637826827011;-74.12427107779203;VAL COORD
325;Sopas de Mama y Postres de la Abuela Sucursal Santafe;Centro Comercial Santafe Autopista Norte Calle 185 No 45 - 03 Local 366 ;CL 185 45 03;VAL DIR;4.7622957876101015;-74.04639970687683;VAL COORD
326;Andres Expres Caseta de Luxe;Centro Comercial Calima Avenida Calle 19 No 28 - 80 Local R 11 ;AC 19 28 80;VAL DIR;4.61720624799301;-74.0867101542629;VAL COORD
327;Andres Expres Caseta de Luxe;Calle 93 No 12 - 11 Local 11;CL 93 12 11;VAL DIR;4.674882533902064;-74.04914030651335;VAL COORD
328;Andres Expres Caseta de Luxe;Centro Comercial Centro Mayor Calle 38 A Sur No 34 D - 50 Local 2107 ;CL 38 A SUR 34 D 50;VAL DIR;4.592637826827011;-74.12427107779203;VAL COORD
329;Andres Expres Caseta de Luxe;Centro Comercial Iserra 100 Transversal 55 No 98 A - 96 Local 324 - 325 ;TR 55 98 A 96;VAL DIR;4.68737069394107;-74.0646215689543;VAL COORD
330;Andres Expres Caseta de Luxe;Centro Comercial Unicentro Avenida 15 No 124 - 30 Local 401 ;AV 15 124 30;VAL DIR;4.70250909655203;-74.0426948404371;VAL COORD
331;Andres Expres Caseta de Luxe;Centro Comercial Portal de la 80 Transversal 100 A No 80 A - 20 Local N3-034 ;TR 100 A 80 A 20;VAL DIR;4.71165006279465;-74.1117973648033;VAL COORD
332;Andres Expres Caseta de Luxe;Centro Comercial Unicentro de occidente Carrera 111 C No 86 - 05 Local 2-26 ;KR 111 C 86 05;VAL DIR;4.723305508484767;-74.11446280811057;VAL COORD
333;1.492 Restaurante Latino;Carrera 12 No 83 - 11;KR 12 83 11;VAL DIR;4.66722977976564;-74.0535651645631;VAL COORD
336;Crepes & Waffles;Calle 70 No 4 - 96;CL 70 4 96;VAL DIR;4.65176490150072;-74.0547688291998;VAL COORD
338;Kokoriko Central Domicilios Usaquen;Calle 119 No 9 - 04;CL 119 9 04;VAL DIR;4.69665342301944;-74.033607988938;VAL COORD
334;Beer Station Usaquen ;Centro Comercial Titan Plaza Carrera 72 No 80 - 94  Local 403A;KR 72 80 94;VAL DIR;ERR LAT;ERR LON;NOT VALID COORD
339;Andres Expres Caseta de Luxe;Centro Comercial Platino Carrera 7 No 138 - 33 Local 309 ;KR 7 138 33;VAL DIR;4.71538351925395;-74.0289104063958;VAL COORD
337;Oma Barra de Cafe Bogota Aeropuerto El Nuevo Dorado;Avenida Calle 26 Carrera 120 Primer Piso Diagonal Porteria 6;AC 26 120 6;VAL DIR;ERR LAT;ERR LON;NOT VALID COORD
340;Andres Expres Caseta de Luxe;Centro Comercial Plaza De Las Americas Carrera 71 D No 6 - 94 Sur Local 29 - 03 ;KR 71 D 6 94 SUR;VAL DIR;4.618832129117629;-74.13531740938949;VAL COORD
346;Kokoriko Salitre Plaza;Centro Comercial Salitre Plaza Carrera 68 B No 24 - 39 Local 363;KR 68 B 24 39;VAL DIR;4.653382271318041;-74.10992482267676;VAL COORD
342;Cien Montaditos Pepe Sierra;Calle 116 No 17 A - 60;CL 116 17 A 60;VAL DIR;4.69804103906751;-74.047325133197;VAL COORD
348;Mercado Cocina Local Sabor Consciente;Calle 93 A No 12 - 73;CL 93 A 12 73;VAL DIR;4.67661851736811;-74.0490719878537;VAL COORD
347;Kokoriko Calima;Centro Comercial Calima Calle 18 No 28 - 80 ;CL 18 28 80;VAL DIR;4.61569962363084;-74.0882155395238;VAL COORD
341;Cien Montaditos LA T;Carrera 13 No 83 - 24;KR 13 83 24;VAL DIR;4.667906377231831;-74.05419016551106;VAL COORD
349;Kokoriko Calle 71;Calle 71 No 9 - 06;CL 71 9 06;VAL DIR;4.65526433306337;-74.057575593404;VAL COORD
351;Kokorico Unicentro;Centro Comercial Unicentro Avenida 15 No 124 - 30  Local 242;AV 15 124 30;VAL DIR;4.70250909655203;-74.0426948404371;VAL COORD
352;Kokoriko Restaurante Centro Mayor;Centro Comercial Centro Mayor Calle 38 A Sur No 34 D - 51  Local 2172 - 2172;CL 38 A SUR 34 D 51;VAL DIR;4.5929137574037;-74.1230882912499;VAL COORD
350;Kokoriko La Gran Estacion;Centro Comercial Gran Estacion Avenida Calle 26 No 62 - 47 Local 319;AC 26 62 47;VAL DIR;ERR LAT;ERR LON;NOT VALID COORD
353;Kokoriko Avenida Chile;Avenida  13 No 71 - 60;AV 13 71 60;VAL DIR;ERR LAT;ERR LON;NOT VALID COORD
354;Kokoriko Andino;Centro Comercial Andino Carrera 11 No 82 - 71  Local 415 Piso 4;KR 11 82 71;VAL DIR;4.66628727998579;-74.0527013691487;VAL COORD
355;Hamburguesas el Corral Calle 85;Calle 85 No 13 - 77;CL 85 13 77;VAL DIR;4.66940536442962;-74.0543681616441;VAL COORD
356;Uva;Carrera 13 No 94 A - 26 Local 3;KR 13 94 A 26;VAL DIR;4.679252514838764;-74.04769915190676;VAL COORD
357;Il Magazzino Italiano;Calle 93 A No 13 A - 31 Local 01;CL 93 A 13 A 31;VAL DIR;4.6772048299491;-74.0501996499324;VAL COORD
358;Hamburguesas del rodeo Calle 70;Carrera 11 No 70 - 66;KR 11 70 66;VAL DIR;4.6555307157119;-74.0598069417993;VAL COORD
360;PPC Pollo, Pizza, Carne;Carrera 7 No 11 - 96 /98;KR 7 11 96;VAL DIR;4.59895644361892;-74.0748345691642;VAL COORD
361;PPC Pollo, Pizza, Carne;Avenida Jimenez No 7  - 45;AV JIMENEZ 7 45;VAL DIR;4.60161494424824;-74.0737303625157;VAL COORD
359;Diana Garcia Chef en Movimiento;Calle 116 No 7 -  15 Local 3 Edificio Cusezar;CL 116 7 15;VAL DIR;4.69364778036101;-74.0335834766166;VAL COORD
362;Sipote Burrito Parque de la 93;Carrera 11 A No 93 - 93 Local 101;KR 11 A 93 93;VAL DIR;4.675872578143934;-74.04799246668414;VAL COORD
363;Carbon 100 Gran Estacion;Centro Comercial Gran Estacion Avenida El Dorado No 62 - 49 Local 361;AV EL DORADO 62 49;VAL DIR;4.647832368830404;-74.10194027423034;VAL COORD
364;Carbon 100 Santafe;Centro Comercial Santafe Calle 185 No 45 - 03 Local 397;CL 185 45 03;VAL DIR;4.7622957876101015;-74.04639970687683;VAL COORD
365;Las Cuatro Estaciones de Catalonia;Carrera 8 A No 98 - 38;KR 8 A 98 38;VAL DIR;4.679885826732775;-74.04061650821487;VAL COORD
366;Sr Choo;Carrera 13 No 83 - 34;KR 13 83 34;VAL DIR;4.667983397160016;-74.05414313514324;VAL COORD
368;Subway Centro Comercial Calima;Centro Comercial Calima Avenida Calle 19 No 28 - 80 Local R-23;AC 19 28 80;VAL DIR;4.61720624799301;-74.0867101542629;VAL COORD
370;Restaurante Indigo;Carrera 11 A No 93 B - 27;KR 11 A 93 B 27;VAL DIR;4.6771664783999505;-74.04750554518267;VAL COORD
372;Apache Burger Bar;Avenida Carrera 11 No 93 - 77;AK 11 93 77;VAL DIR;4.675329224172616;-74.04747322100329;VAL COORD
373;Chibchombia;Carrera 4 A No 26D - 90;KR 4 A 26 D 90;VAL DIR;4.61383636468399;-74.0663235088687;VAL COORD
374;Restaurante La Jugueteria 147;Avenida 19 No 147 - 30;AV 19 147 30;VAL DIR;4.72996470732988;-74.0450959739533;VAL COORD
375;Le Cabrera;Carrera 12 A No 83 - 23;KR 12 A 83 23;VAL DIR;4.66763464577169;-74.053991100654;VAL COORD
377;Bogota Beer Company SAS;Centro Comercial Centro Mayor Calle 38 A Sur No 34 D - 51 Local 3051 Local 3052;CL 38 A SUR 34 D 51;VAL DIR;4.5929137574037;-74.1230882912499;VAL COORD
378;Bogota Beer Company S A;Carrera 7 No 32  - 48;KR 7 32 48;VAL DIR;4.61906235873934;-74.0679168481008;VAL COORD
379;Bogota Beer Company ;Carrera 4 No 15 - 01;KR 4 15 01;VAL DIR;4.60015872172251;-74.0705198011091;VAL COORD
380;Bogota Beer Company S A;Carrera 4 A No 27 - 04;KR 4 A 27 04;VAL DIR;4.61383636468399;-74.0663235088687;VAL COORD
381;Harry's Bakery;Carrera 6 No 69 A - 34;KR 6 69 A 34;VAL DIR;4.65205257940669;-74.0557600766821;VAL COORD
382;Restaurante Donde Chucho 93;Calle 93 B No 13 - 61 Local 2;CL 93 B 13 61;VAL DIR;4.67772202349148;-74.0493733177498;VAL COORD
383;La Plaza de Andres;Centro Comercial Hacienda Santa Barbara Carrera 7 No 115 - 60 LC 303 - 304 - 305 - 306 - 307 - 308 ;KR 7 115 60;VAL DIR;4.69343499972033;-74.0330544674165;VAL COORD
386;Andres Expres Caseta De Luxe;Centro Comercial Cafam Floresta Avenida Carrera 68 No 90 - 88 Local 2 011 ;AK 68 90 88;VAL DIR;4.685732734355925;-74.0744094738061;VAL COORD
385;Presto Santander;Carrera 7 No 16 - 49;KR 7 16 49;VAL DIR;4.60321030179552;-74.07287428210812;VAL COORD
384;El Carnal;Centro Comercial San Martin Carrera 7 No 32  - 16 Local 402;KR 7 32 16;VAL DIR;4.6187911434481;-74.0680148459726;VAL COORD
387;Andres Expres Caseta De Luxe;Centro Comercial Avenida de Las Americas No 62 - 84 Local 388;AV AMERICAS 62 84;VAL DIR;4.62886396872264;-74.1172664155691;VAL COORD
392;Nolita;Carrera 13 No 85 - 25;KR 13 85 25;VAL DIR;4.66936181209873;-74.0536630958878;VAL COORD
393;La Hamburgueseria  El Chico;Calle 93 B No 11 A - 34;CL 93 B 11 A 34;VAL DIR;4.67692745307844;-74.0476148491674;VAL COORD
395;La Hamburgueseria  Usaquen;Calle 118 No 6 A - 40;CL 118 6 A 40;VAL DIR;4.695261386210535;-74.0317470786605;VAL COORD
394;La Hamburgueseria  La 85;Calle 85 No 12 - 49;CL 85 12 49;VAL DIR;4.6685495703754;-74.0528781446696;VAL COORD
396;La Hamburgueseria  Emaus;Calle 70 No 4 - 69;CL 70 4 69;VAL DIR;4.65152874917881;-74.05483596918259;VAL COORD
