HOSPEDAJE CASA ARANA;KR 66 12 06;2906464 -  - ;casaarana@hotmail.com;NA;-74.1179725099466;4.63447777834939
APARTAHOTEL LAGOS DEL NORTE;KR 23 67 20;2491610 - 2491637 - ;hotel.lagos.del.norte@gmail.com;NA;-74.06911189521988;4.657987005937423
HOTEL CANDILEJAS;CL 68 17 28;6061236 - 2357329 - 3144336865;angelinav68@hotmail.com;NA;-74.0658517480742;4.65658722757506
HOTEL BOYAC� LA 24;KR 24 68 35;2502241 - 2315994 - ;NA;NA;-74.0695938830706;4.6593627448831
HOSTAL MONSERRAT;KR 24 82 43;6168160 -  - ;alpesbogota@hotmail.com - julianleus@hotmail.com;NA;-74.0633975297175;4.67069742332848
ALPES BOGOT� HOSTAL;KR 48 93 64;6221738 - 6168160 - ;alpesbogota@hotmail.com - julianleus@hotmail.com;www.alpesbogotacasahotel.com;-74.06113089639628;4.681372281070212
HOTEL LORD;CL 63 14 62;2550530 -  - ;hotel_lord@yahoo.com.ar - info@hotel-lord.com;www.hotel-lord.com;-74.065206085126;4.64981819246039
SUITE B�SICAS INN - SUITES EJECUTIVAS ECON�MICAS;CL 63 D 22 44;3125956 - 2552313 - 2482522;basicasinn@gmail.com;www.hotelbogotainn.com;-74.07097197494518;4.654480149747065
SUITTES INN TUR�STICAS CALLE 63;CL 63 28 62;2116901 - 2490387 - 2489640;turisticas63@hotelbogotainn.com;www.hotelbogotainn.com;-74.0763201934868;4.6518749978464
APARTAMENTOS CEDROS 63 INN  - APARTAMENTO LOS CEDROS;CL 63 C 21 46;3453963 - 3452603 - 5486174;apartamentoscedro@gmail.com;www.hotelbogotainn.com;-74.0704683153161;4.65335012133212
HOTEL 63 INN EJECUTIVO;CL 63 D 21 26;2116459 - 7495314 - ;hotel_63in_ejecutivo@hotmail.com;www.hotelesejecutivobogota.com;-74.07015907539561;4.654376502132642
SUITES INN ECON�MICAS CALLE 63;CL 63 B 21 30;2492160 - 2492077 - 2492289;economicas63@gmail.com;www.hotelbogotainn.com;-74.07049260936982;4.652739299310188
HOTEL SAN JOS� BAVARIA 1;CL 12 71 D 60;2925026 - 4126025 - ;hotelsanjosebavaria@hotmail.com;NA;-74.1306184739836;4.64329479301736
HOTEL BOGOT� ROYAL;KR 8 A 99 55;6341734 - 6004100 - ;reservas@hotelbogotaroyal.com;www.hotelesroyal.com;-74.040405516164;4.68056998573057
LA MANSI�N HOTEL;KR 17 102 47/51;2578037 - 2578017 - 2568038;reservas@hotellamansionbogota.com;www.hotellamansionbogota.com;-74.0493848687904;4.68777227870389
RADISSON ROYAL BOGOT� HOTEL;CL 113 7 65;6578700 - 6578709 - ;reservas@radissonroyal.com;www.radisson.com/bogota.co;-74.0347921050786;4.69101793979188
HOTEL CASONA DEL PATIO;KR 8 69 24;2128805 -  - ;reservas@lacasonadelpatio.net;www.lacasonadelpatio,net;-74.0582956583661;4.652471634025966
HOTEL CHARLESTON BOGOT�;KR 13 85 46;2571100 -  - ;info@hotelescharleston.com;www.hotelescharleston.com;-74.0534685261951;4.66947094362406
HOTEL EGINA;KR 14 A 119 16;6371610 -  - ;info@lemanoir-egina.com;www.lemanoir-egina.com;-74.0413432326603;4.6988956459098
HOTEL BOGOT� REGENCY (REGENCY SUITES);KR 7 127 21;5921777 -  - ;reservas@hotelregency.com.co;www.hotelregency.com;-74.0288146123633;4.70246888606464
NUEVO HOTEL RINC�N SANTA BARBARA;CL 126 7 A 19;6201397 -  - ;vesntas@rincondesantabarbara.com;www.rincondesantabarbara.com;-74.03052975852194;4.7011457061015305
CASABLANCA 121;CL 121 7 A 66;5938794 -  - ;reservas@hbybhotels.com;www.hbybhotels.com;-74.03194859224774;4.69835706734226
HOTEL HILL HOUSE;CL 120 A 6 54;2133434 -  - ;reservas@hotelhillhouse.com.co;www.hotelhillhouse.com.co;-74.0301710618135;4.697140790604679
SANTAFE BOUTIQUE HOTEL;CL 116 15 64;5942400 -  - ;reservas@santafeboutique.com;www.santafeboutique.com;-74.0436333343878;4.69671012124275
HOTEL SUITE 114;CL 114 11 A 59;2148073 - 2148120 - ;hsuite114@gmail.com;www.suitehotel114.com;-74.0389745373617;4.69394024841796
HOTEL HACIENDA ROYAL;CL 114 6 02;6578950 - 6578900 - ;cmorales@haciendaroyal.com;www.haciendaroyal.com;-74.0318493688115;4.69183844067362
APARTAHOTEL CASA DE SI�N;KR 14 B 111 19;2143675 - 2143942 - 6205814;apartahotelcasadesion@hotmail.com;www.casadesion.com;-74.04314773018412;4.694033167732246
HOTEL DANN NORTE;KR 15 112 09;6374377 - 2152844 - ;servcioalcliente@dannnorte.comco;www.hotelesdann.com;-74.0437376424491;4.69479919701195
LANCASTER HOUSE CORPHOTELES;AK 45 106 B 28;6291100 -  - 2142772;reservas@lancasterhouse.com.co;www.lancasterhouse.com.co;-74.05524798243341;4.694991045559143
CASONA REAL HOTEL;CL 106 14 49;2140179 -  - ;reservas@casonareal.com.co;www.casonareal.com.co;-74.04487624821165;4.689616305557488
HOTEL BALCONES DE MIRANDA  ;KR 8 D 106 78;6203678 - 6203735 - ;hotelbalconesdemiranda@yahoo.es;www.hotelbalconesdemiranda.com;-74.04081518334523;4.688719033976043
104 ART SUITES;KR 18 A 104 77;6025959 -  - ;e.commerce@104artsuites.com;NA;-74.05055608025344;4.691099127348652
HOTEL DANN CARLTON BOGOT�;AV 15 103 60;6350010 - 6461888 - 18000943266;angela.bueno@hotelesdann.com - centralreservas@hotelesdann.com;NA;-74.0470266648297;4.68832445506923
HOTEL LE MANOIR;CL 105 17 A 82;2133980 -  - ;info@lemanoir-egina.com;www.lemanoir-egina.com;-74.05008007182347;4.691656771391221
CASA RINC�N DEL CHICO INTERNACIONAL;CL 101 13 32;2147430 - 2158637 - 2159855;hotelrincondelchico1@hotmail.com;www.rincondelchico.com;-74.04548891763046;4.684851425384889
HOTEL SUITE CHICO II HOUSE;CL 101 13 A 23;7420410 - 2155530 - ;reservas@hotelsuitechico.com.co;www.hotelsuitechico.com.co;-74.04621232325334;4.6848120810127405
HOTEL LE MIRAGE;KR 14 A 102 12;2570412 - 2561955 - 6103036;hotellemiragebta@gmail.com;www.hotellemirageltda.com;-74.04654247548798;4.686990416876632
101 PARK HOUSE;KR 21 101 10;6000101 - 6001087 - 6001828;reservas@101parkhouse.com;www.101parkhouse.com;-74.05406045398027;4.687525941845263
BOGOT� PLAZA SUMMIT HOTEL;CL 100 18 A 30;6322200 -  - ;dr@bogotaplazahotel.com;www.bogotaplazahotel.com;-74.0517105200311;4.68612700707915
GHL CONFORT HOTEL EL BELVEDERE - INVERSIONES BELVEDERE LTDA;KR 17 A 100 16;2577700 -  - ;reservas.belvedere@ghlhoteles.com;www.ghlhoteles.com;-74.05019102846056;4.686097829285935
HOTEL ANDES PLAZA;AK 15 100 11;3148180 -  - ;andesplaza@doradoplaza.com;www.hotelandesplaza.co;-74.04826373495122;4.685832056029274
HOTEL GRAND HOUSE;KR 18 93 97;4034000 -  - ;recepcion@hotelgh.com - ventas@hotelgh.com;NA;-74.0540276948619;4.67901987301168
HOTEL GHL HAMILTON COURT;KR 14 81 20;6215455 -  - ;hotel.hamilton@ghlhoteles.com;www.ghlhoteles.com;-74.0557164302568;4.666827843773477
GHL CONFORT HOTEL LOS HEROES;CL 74 15 60;3175959 -  - ;hotel.losheroes@ghlhoteles.com;www.ghlhoteles.com;-74.0607256631403;4.66140780648812
CASABLANCA 93;CL 93 18 11;5938794 -  - ;reservas@hbybhotels.com;www.hbybhotels.com;-74.05418907161341;4.677665101775399
HOTEL BOGOT� ROYAL SUITE;CL 53 10 78;3479835 - 3473955 - 3108524911;reservasbogotaroyalsuite@gmail.com;www.hotelbogotaroyalsuite.com;-74.0648501615621;4.6402403828859
HOTEL BH EL RETIRO;CL 80 10 11;7563177 -  - ;recepcionelretiro@bhhoteles.com;www.bhhoteles.com;-74.05333275137173;4.663556976953078
HOTEL BH LA QUINTA;KR 5 74 52;7424908 -  - ;recepcionlaquinta@bhhoteles.com;www.bhhoteles.com;-74.0527942857738;4.65633633111083
CELEBRITIES SUITES - MODERNO PARK SA;CL 74 10 33;6011414 - 6012604 - 6012606;reserva@celebritiessuites.com;www.celebritiessuites.com;-74.0568140394249;4.65833681639902
HOTEL CASA FALCON;CL 69 11 A 64;2110491 -  - ;jcartagena64@gmail.com;www.hotelcasafalcon.com;-74.06195712239253;4.65529152143726
APARTAMENTOS LAGO 76;KR 15 76 15;6913720 - 2366458 - 2366494;ap_hotelago76@yahoo.com - apartahotel_76@hotmail.com;www.lago76.com;-74.0591323841687;4.66300408798037
HOTEL INTER BOGOT�;KR 3 20 17;3417057 - 2837631 - ;servicioalcliente@interbogotahotel.com;www.interbogotahotel.com;-74.06779308861769;4.60434296107741
HOTEL MONSERRAT SPA VITAL;KR 3 20 35;2868685 - 3418947 - ;monserratspavitalltda@hotmail.com;www.hotelmonserratspa.net;-74.06782263228446;4.6044826064757345
CASA DE HUESPEDES SANTA MAR�A HOTEL;KR 45 24 B 09;3680516 - 6380517 - 3102389983;casahuespedessantamaria@yahoo.com;www.hotelcercaalaembajada.net - www.hotelcercaalaembajada.com;-74.09394298183709;4.635656040128162
HOTEL CLAUDIA DEL CENTRO;KR 8 17 66;3422727 -  - ;hospedajeclaudia@hotmail.com;NA;-74.0728934888406;4.6045733002779
HOTEL MANILA PLAZA;CL 17 8 23;2439013 - 3413308 - 3105792043;hotelmanilaplaza@gmail.com;NA;-74.07341334067;4.60413586353765
HOTEL SOFITEL BOGOT� VICTORIA REGIA - PROMOTORA Y OPERADORA DE HOTELES PROMOTEL ;KR 13 85 80;6212666 -  - ;reservas.bogota@sofitel.com - reservas@sofitel.com;www.sofitel.com;-74.05304044803746;4.6699749607195296
HOTEL ESTRELLA LA 23;CL 23 7 86;3418790 - 3133026578 - ;hotelestrellala23@hotmail.com;www.hotelestrellala23.com;-74.0711084924018;4.60945570232993
HOTEL AMERICANO;CL 23 9 18;3413000 - 3346237 - ;info@hotelamericanobogota.com - inversionesyhoteles@hotmail.com;www.hotelamericanobogota.com;-74.07148290873496;4.609741613899105
HOTEL EL DUQUE CENTRO INTERNACIONAL;CL 23 9 38;3340080 - 3340081 - ;hotel.duque@hotmail.com;www.hotelelduqueci.com;-74.0716529876058;4.6097282694765
HOTEL EUROPA VIEJO;CL 23 13 30;2436625 - 2811938 - ;hotel-europa@hotmail.com;NA;-74.07349216875073;4.610835893180261
GUN CLUB;KR 8 16 28;2811283 - 3133434731 - ;;NA;-74.0735739994679;4.60334710755722
A MI REFUGIO CASA CULTURAL Y DE HUESPEDES ;KR 19 33 21;2872489 -  - ;amirefugiohostal@gmail.com;www.amirefugio.org;-74.0740506090667;4.62219618468536
HOTEL DEL PARQUE SUPERIOR;KR 5 23 34;3363600 - 2842200 - ;reservas@hoteldelparquesuperior.co;www.hoteldelparquesuperior.co;-74.06803484485677;4.6082407901141025
HOTEL LOS CERROS;CL 19 9 18;3416068 - 2838438 - ;hotel_los_cerros@hotmail.com;NA;-74.0731521288616;4.60657526903798
HOTEL SAN FRANCISCO DE ASIS;KR 10 23 63;2861677 -  - ;info@sfbogota.com;www.hotelsanfranciscodeasis.com;-74.0719497956009;4.61046894768158
HOTEL LA SABANA;CL 23 5 23;2844830 -  - ;hotel_lasabana@hotmail.com;www.hotellasabana.com;-74.06899721207394;4.60795530810613
HOTEL LIDO;CL 11 9 45 ;3412582 -  - ;lidoplazahotel@hotmail.com;NA;-74.0774215444839;4.59958376760031
ABADIA COLONIAL (ROMA);CL 11 2 32;3411884 -  - ;abadiacolonial@gmail.com;www.abadiacolonial.com;-74.0711058683924;4.59564284995832
HOTEL DE LA OPERA - INVERSIONES LA OPERA S A;CL 10 5 72 ;3362066 -  - ;manager@hotelopera.com.co - sales@hotelopera.com.co;www.hotelopera.com.co;-74.0746524676243;4.59663481042018
ALEGRIA�S HOSTEL;CL 9 2 13;2868047 - 2823168 - ;alegriamesa@hotmail.com;www.alegriashostel.com;-74.0721269914488;4.5936953374406
POSADA ANANDA MAYI;CL 9 2 81;3417208 - 3340419 - ;anandamayihostel@yahoo.com;www.anandamayihostel.com;-74.0727393541604;4.59391738538796
HOTEL INTERNACIONAL;KR 5 12 C 45;3418731 - 3418336 - ;hotelinternacionalbogota@hotmail.com;www.hotelinternacionalbogota.com;-74.071809932523;4.60013058268866
HOTEL AMBAL� BOGOT� COLONIAL;KR 5 12 B 46;3426384 - 3412376 - 3376593;info@hotelambala.net;www.hotelambala.net;-74.0723001581338;4.59917741331411
HOSTAL SUE CANDELARIA;KR 3 12 C 18;3412647 - 3144640774 - ;hostalsuecandelaria@yahoo.com;www.suecandelaria.com;-74.070077864709;4.59873438165656
HOTEL EL DORADO;KR 4 12 D 02;3343988 - 2817271 - ;doradohotel@hotmail.com;NA;-74.0704109230467;4.60021057039525
HOSTAL SUE E.U.;CL 12 F 2 55;3348894 -  - ;hostalsue@yahoo.com;www.suecandelaria.com;-74.0685206818192;4.60005672488845
THE HOSTAL CRANKYCROC;CL 12 D 3 46;3422438 - 3144275299 - ;info@crankycroc.com;www.crankycroc.com;-74.0699703112193;4.59976733453991
HOSTAL FATIMA;CL 12 C 2 24;2816389 - 2810071 - ;contacto@hostalfatima.com;www.hostalfatima.com;-74.069395788142;4.59835941214084
CASA POSADA AMELIA SAN FELIPE EL DORADO;KR 73 B BIS 24 D 85;4105644 - 3163753486 - ;casaposadaamelia@gmail.com;casaposadaamelia.wix.com/bogota;-74.11552413219246;4.666489641746941
HABITEL;AC 26 100 97 ;4199999 - 3105631311 - ;reservas@hotelhabitel.com;info@hotelhabitel.com;-74.13100256025518;4.688416605711878
GHL HOTEL CAPITAL;CL 25 B 69 A 50;4233000 -  - ;reservas.capital@ghlhoteles.com;hotel.capital@ghlhoteles.com;-74.1082590864117;4.65837952223408
HOTEL A.R.V.;CL 17 96 C 32;2670845 - 3134287725 - ;hotel_arv@hotmail.com;NA;-74.14219976398743;4.6685377288827805
HOTEL SHERATON BOGOT�;CL 25 B 69 C 80;2105000 -  - ;reservas@sheratonbogota.com - hotel.sheratonbogota@ghlhoteles.com;www.sheratonbogota.com - www.ghlhoteles.com;-74.1093661583897;4.66011662684884
HOTEL HYNTIVA;KR 98 17 36;2670367 - 5451203 - ;jairopico1@hotmail.com;NA;-74.14418011624029;4.671604952323523
HOTEL LOS CAMBULOS;KR 96 C 17 38;2679973 - 2673387 - 3132913396;NA;NA;-74.14173322090745;4.66814261296553
HOTEL FONTIB�N;CL 17 97 10;2679728 - 2679828 - ;servicioalcliente@hotelfontibon.com;www.hotelfontibon.com;-74.1440506422697;4.670919515264994
HOTEL ESCORIAL FONTIB�N EN SUCESI�N;CL 17 96 C 15;2981150 - 2672951 - 4188241;hotelescorial@hotmail.com;NA;-74.14249879097787;4.668114266599057
CASA BLANCA 98 HOTEL;CL 17 A 97 83;4186098 -  - ;NA;NA;-74.14411294838078;4.671656209651415
HOSTAL BOGOT� REAL;CL 103 B 46 05;6348094 - 3112121599 - ;info@hostalbogotareal.com;www.hostalbogotareal.com;-74.05825315533667;4.690880110637087
HOTEL RESIDENCIA ESPA�A;KR 7 23 20;3421396 - 7503736 - 3134229479;hotel_107@hotmail.com;NA;-74.0702651038835;4.60924152127126
HOTEL DANN AV 19 - INVERSIONES SPIWAK LTDA;AV 19 5 72;2840100 -  - ;lina.medellin@hotelesdann.com - centralreservas@hotelesdann.com;www.hotelesdann.com;-74.0706475237693;4.60489940509539
HOTEL FERROVIAL;KR 40 22 59;2695559 - 2695555 - ;recepcion@hotelferrovialinn.com - reservas@hotelferrovialinn.com;www.hotelferrovialinn.com;-74.0946198206946;4.62975623128618
NUEVO HOTEL TEUSAQUILLO;KR 16 28 A 24;2457996 - 6055515 - 2857960;hteusaquillo@etb.net.co;NA;-74.07315666527512;4.61711788251417
HOTEL QUINTA PAREDES INN;KR 40 22 69;2441533 - 2441535 - ;hotelqp@hotmail.com - hotelquintaparedesinn@yahoo.com;www.hotelquintaparedesinn.com;-74.094544934741;4.62980658563303
HOSTAL DE FEDERMAN;KR 38 56 38;2225531 -  - ;contactenos@hostaldefederman.com;www.hostaldefederman.com;-74.08276384148242;4.646496912777845
APARTAMENTOS GALERIAS 52;KR 30 52 38;2486652 - 2486521 - 3477130;galerias51@gmail.com;www.apartamentosgalerias.com;-74.0787251431879;4.64176468770484
HOTEL EMBAJADOR;CL 37 18 A 49;2458078 - 2452842 - 2322636;hotelembajador01@hotmail.com;www.hotelembajador.com.co;-74.073007287536;4.62607014069418
HOTEL SUAMOX;CL 38 16 07;2870065 - 2329812 - 3123869128;reservas@hotelsuamox.com;www.hotelsuamox.com;-74.07092313663456;4.62641119266852
HOTEL VILLA KARINA;CL 30 17 47;2871445 - 2870953 - 2871298;hotelvillakarina@yahoo.es;NA;-74.0739395367188;4.61944355651343
HOTEL INNOVA MASTER CENTRO INTERNACIONAL;CL 34 7 87;2887007 -  - ;reservas@hotelesinnova.com;www.hotelesinnova.com;-74.0678157903833;4.62173264357849
HOTEL CAVIAR;KR 19 39 A 18;2870870 -  - ;reservas@hotelcaviar.com;www.hotelcaviar.com;-74.0727103716373;4.62851136339755
HOTEL AMERICAN DREAM AND EVENTS;AV 40 25 28;2643309 -  - ;reservas@hotelamericandream.com;www.hotelamericandream.com;-74.089898339238;4.63250590002431
HOTEL COLOMBIANS SUITE INTERNATIONAL;KR 43 A 24 C 06;7441010 -  - ;reservas@hotelcolombiansuite.com;www.hotelescsi.com;-74.09183482291184;4.63330731549824
CASA KOLPING BOGOT�;KR 16 35 41;2453223 -  - ;ckolpingbogta@etb.net.co;www.kolpingcolombia.com;-74.07129661970083;4.62463519944609
HOTEL CASA LA EMBAJADA COLONIAL;KR 44 A 24 A 60;2447994 - 2694422 - ;hotelcasalaembajadacolonial@gmail.com;NA;-74.09357347780018;4.633973836219491
HOTEL CASA FORTEL;CL 22 B 44 C 09;2696058 - 3134775051 - ;reservas@casafortel.com;NA;-74.0959978466437;4.633924439917265
HOTEL CASA LA EMBAJADA;CL 24 D 44 A 97;2694838 - 5720260 - ;reservaslaembajada@gmail.com;www.hotelcasaembajada.com;-74.09317829731604;4.635836920134779
HOTEL SALITRE RUGAL;AC 24  40 71;8051408 - 3689403 - ;reservas@hotelsalitrerugal.com;www.hotelsalitrerugal.com;-74.0932721004457;4.63126582984367
HOTEL PLATINUM SUITE;AC 24 40 76;3378080 - 2685627 - ;reservas@hotelplatinumsuite.com.co;www.hotelplatinumsuite.com.co;-74.09329588099203;4.631848719334389
HOTEL SAN PABLO;CL 26 38 A 11;3694700 -  - ;reservas@sanpablohotel.com - operacion@sanpablohotel.com;www.sanpablohotel.com;-74.0864272337882;4.63287082346529
HOTEL CASA SANTA MARTA;KR 43 22 A 91;3691876 - 3687163 - ;hotelcasasantamarta@gmail.com;NA;-74.09411972642732;4.631403010732428
HOTEL TUR�STICO INTERNACIONAL GRAN AM�RICA;CL 24 32 86;2694903 - 5707725 - 3685348;hgranamerica@hotmail.com;NA;-74.0859274066618;4.62627874428667
HOTEL TEUSACA AC;DG 33 BIS A 14 64;5606085 - 2323556 - 2323722;teusaca_185@hotmail.com;www.hotelteusacac.inf.travel;-74.07037553195146;4.621918388235994
HOTEL MAR�A ISABEL BOGOT�;DG 33 BIS A 15 05;2880399 -  - ;reservas@hotelmariaisabelbogota.com;www.hotelmariaisabelbogota.com;-74.0707061595571;4.62181694047543
SUITES EJECUTIVAS 57 INN;CL 57 18 25;3458428 - 2490408 - ;ejecutivas57@hotelbogotainn.com;www.hotelbogotainn.com;-74.0695192757343;4.64456882149137
HOTEL CASA AMERICANA;CL 24 D 44 A 73;2698875 - 5792287 - 4781570;reservas@hotelcasaamericana.com;www.hotelcasaamericana.com;-74.0930582473468;4.635582274856369
SUITES INN GALERIAS;KR 23 53 A 43;3101066 - 5414688 - 5403569;galerias@hotelbogotainn.com;www.hotelbogotainn.com;-74.07344379901636;4.642675551423438
HOTEL SIAR;KR 25 52 16;7008500 -  - ;hotelsiar@yahoo.es;www.hotelsiar.com;-74.07451966685517;4.640998839397325
HOTEL GAVAN E.U.;AV CARACAS 51 39;2357990 -  - ;hotelgavan@gmail.com;www.hotelgavan.com;-74.0667558427206;4.63878091621501
HOTEL PARKWAY;AK 24 39 B 32;2885090 - 2885091 - ;hotelparkway@live.com;www.hotelparkway.com.co;-74.0746581862949;4.6298520176731355
HOTEL LORD GALERIAS;KR 27 A 53 20;2488540 -  - ;hotel_lordgalerias@yahoo.com.ar;www.hotellordgalerias.com;-74.07621530429614;4.64251562174049
HOTEL EL CAMPIN (MAICHEL E HIJOPS CIS S EN C);KR 25 52 35;3491616 -  - ;reservas@hotelelcampin.com;comercial@hotelelcampin.com;-74.07473010730594;4.64126542830801
HOTEL EL CONDADO PLAZA BOGOT�;DG 53 D 23 18;2101102 - 2101105 - 3138611212;condadoplazahotel@hotmail.com;www.hotelelcondadoplaza.com;-74.07273129425259;4.6438454773737465
HOTEL SUITE BOGOT� COLONIAL UNO;CL 24 C 44 35;3682682 -  - ;suitebogotacolonial@gmail.com;NA;-74.0928984406321;4.634464323095013
HOTEL SAN RAFAEL;AC 24 43 A 49;2686858 - 3142935020 - 3689341;hotelsanrafael10@gamil.com;NA;-74.0940761468892;4.63246261114687
HOTEL SANTAF� REAL;AC 24 40 31;3686817 -  - ;reservas@hotelsantafereal.com;www.hotelsantafereal.com;-74.0930703970179;4.6309659205663
EMBASSY PARK HOTEL;AC 24 44 A 79;3691876 -  - ;reservas@hotelembassypark.com;www.hotelembassypark.com;-74.0951425318282;4.63402551812446
HOTEL ESTELAR DE LA FERIA;AC 24 43 A 85;5978240 -  - ;reservas.hotelaferia@hotelesestelar.com;www.hotelesestelar.com;-74.0942572683652;4.63273279699449
VIAGGIO PARQUE 54 - INMOBILIRIARIA ROYAL S.A.S.;KR 4 54 24;7449999 -  - ;mercadeo@viaggio.com.co - reservas@viaggio.com.co;www.viaggio.com.co;-74.06046724676081;4.639595418724661
VIAGGIO COUNTRY - INMOBILIRIARIA ROYAL S.A.S.;KR 15 85 55;7449999 -  - ;mercadeo@viaggio.com.co;www.viaggio.com.co;-74.0551508052695;4.67050356025731
VIAGGIO SALLE - INMOBILIRIARIA ROYAL S.A.S.;CL 61 5 75;7449999 -  - ;mercadeo@viaggio.com.co;www.viaggio.com.co;-74.06049604381454;4.64604671683617
VIAGGIO CENTRO FINANCIERO - INMOBILIRIARIA ROYAL S.A.S.;CL 62 3 A 50;7449999 -  - ;mercadeo@viaggio.com.co - reservas@viaggio.com.co;www.viaggio.com.co;-74.0576016249999;4.6455573870000535
VIAGGIO STUDIOS - INMOBILIRIARIA ROYAL S.A.S.;CL 62 3 B 37;7449999 -  - ;mercadeo@viaggio.com.co;www.viaggio.com.co;-74.05800463492933;4.645562763808686
CASA HOTEL ZUETANA PI;CL 106 A 18 A 19;6206848 - 6208052 - ;reservas@zuetana.com.co;www.zuetana.com;-74.04989304038091;4.692895930419191
HOTEL PARQUE 97 SUITES;CL 97 19 15;7444030 - 6917337 - ;reservas@hotelparque97.com;www.hotelparque97.com;-74.05273419130981;4.683970625515122
SUITES REAL 97;CL 97 A 10 45;6109700 -  - ;real97@suitesreal.com;www.suitesreal.com;-74.04403222622109;4.680256472806737
HOTEL DE LA VILLE;CL 100 13 55;6500700 -  - ;ventas@hotelesdelaville.com.co;www.hotelesdelaville.com;-74.0464245697252;4.68381185596163
RICHMOND SUITES;CL 93 18 81;6235623 -  - ;reservas@richmondsuiteshotel.com;www.richmondsuiteshotel.com;-74.0547769050365;4.677966349754274
HALIFAX;CL 93 15 93;6163098 -  - ;info@hotelhalifax.com.co;www.hotelhalifax.com.co;-74.0526871165138;4.67709486702192
HOTEL ESTELAR WINDSOR HOUSE;CL 95 9 97;6343630 -  - ;reservas.hwhouse@hotelesestelar.com;www.hotelesestelar.com;-74.0434834131516;4.67751344597304
HOTEL VIRREY PARK;KR 15 87 94;2181625 - 2181606 - ;reservas@hotelvirreypark.com;www.hotelvirreypark.com;-74.0539570599122;4.67251942084605
HOTEL CHICO IMPERIAL SUITES;KR 19 C 91 63;6108003 -  - ;reservas@chicoimperialsuites.com.co;www.chicoimperial.com.co;-74.05709842946759;4.6779652968427525
HOTEL LA FONT;KR 16 86 A 32;5938150 -  - ;hotel@lafont.com.co;www.lafont.com.co/hotel;-74.05476537745842;4.672226782540142
SUITES REAL 85;KR 18 84 56;2180100 -  - ;suitesreal85@gmail.com;www.suitesreal.com;-74.05701630284982;4.670281846187172
HOTEL EXCELSIOR BOGOT�;KR 14 86 A 96;2184311 -  - ;reservas@hotelexcelsiorbogota.com;www.hotelexcelsiorbogota.com;-74.05357602025133;4.671506097980326
HOTEL BOHEME ROYAL;CL 82 12 35;6447100 - 6447132 - ;recepcionbh@bohemeroyal.com;www.hotelesroyal.com;-74.0544650533027;4.66654511678498
HOTEL ANDINO ROYAL;CL 85 12 28;6513100 - 6515131 - ;ipena@andinoroyal.com - jsanabria@andinoroyal.com;www.hotelesroyal.com;-74.0526214025828;4.66861507670573
SUITE LUGANO IMPERIAL & CIA LTDA.;CL 70 A 7 62;3131113 -  - ;reservas@lytoperadora.com;www.ltyoperadora.com;-74.05683224197126;4.654228644739275
CROWNE PLAZA TEQUENDAMABOGOT� (HOTEL TEQUENDAMA);KR 10 26 21;3820300 - 3822930 - 18000916565;reservas@sht.com.co;www.sht.com.co;-74.071216347347;4.61198372497338
HOTEL CASA MEDINA;KR 7 69 A 22;3120299 - 2170288 - ;info@hotelescharleston.com;www.hotelescharleston.com;-74.0565850845073;4.65241981914047
EMAUS BOGOT�;KR 4 69 A 46;5442005 -  - ;gerencia@hotelemausbogota.com.co;www.hotelemausbogota.com;-74.05396144159991;4.651110649934161
HOTEL ABC 7 AVENIDA;KR 7 47 63;2856329 - 2872026 - 2872097;hotelabc7@hotmail.com;www.hotelabc7.com;-74.0639511079566;4.6343000894524
HOTEL L�TOILE;KR 7 43 47;2878728 - 2876717 - ;recepcion.hotel6@gmail.com - reservas@grupotasaca.com;www.hotelesgrupotasaca.com;-74.0645978350272;4.63067443588318
HOTEL PORTON BOGOT�;CL 84 7 65;6166611 -  - ;servicioalcliente@hotelportonbogota.com.co;www.hotelportonbogota.com.co;-74.0481975774778;4.66437062586787
HOTEL RETIRO 84;CL 84 9 95;6161501 -  - ;reservas@retiro84.com - amandas@retiro84.com;www.retiro84.com;-74.05082259448872;4.6663770341597415
ROYAL PARK METROTEL;CL 74 13 27;3254445 -  - ;reservas@metrotelroyalpark.com - servicioalclienteml@metrotelroyalpark.com;www.metrotelroyalpark.com;-74.0594253515749;4.66027250533427
HOTEL CONFORT 80;KR 16 A 79 85;6101678 -  - ;operaciones@hotelesconfort80.com;www.hotelesconfort80.com;-74.05847653705572;4.666884979693608
MORRISON HOTEL;CL 84 BIS 13 54;6223111 -  - ;morrisonhotel@morrisonhotel.com;www.morrisonhotel.com;-74.05440042891676;4.6690486553517605
HOTEL EMBASSY SUITES ROSALES BOGOT� BY HILTON;CL 70 6 22;3171313 -  - ;reservas@embassy-bogota.com.co - crm@embassy-bogota.com.co;www.embassysuites.com - www.hilton.com;-74.05578985050587;4.652576945274204
HOTEL NACI�N;KR 8 65 29 / KR 8 A 65 36;2480709 - 2555680 - ;hotelnacion@hotmail.com - contactenos@hotelesnacion.com;www.hotelesnacion.com;-74.06002510171173;4.650114887292264
HOTEL ESTELAR SUITE JONES - SURCURSAL CHAPINERO ALTO;CL 61 5 39;3468246 -  - ;www.hotelesestelar.com;NA;-74.0599251619676;4.64580262432589
HOTEL LOURDES 62 ;CL 62 11 15;2175735 - 3106190271 - ;hotellourdesla62@hotmail.com;www.hotellourdes.amawebs.com;-74.0629186519193;4.64851126530907
APARTASUITES LOURDES LIMITADA;CL 63 15 61;3454301 - 3454305 - 3454306;reservas@hotellourdes.com;www.hotellourdes.com;-74.0662837481183;4.64976532558145
HOTEL EL GRAN MARQUEZ;AV CARACAS 51 09 ;4814881 - 2354132 - ;reservas@hotelgranmarquez.com;www.hotelelgranmarquez.com;-74.0668048666362;4.63851714151956
HOTEL COLONIAL BOGOT�;AV CARACAS 56 63;2551398 - 3107462 - ;NA;NA;-74.065851158134;4.64389525281106
HOTEL CENTRO INTERNACIONAL;KR 13 A 38 95;2885566 -  - ;reservas@hotelcentrointernacional.com - contacto@hotelcentrointernacional.com;www.hotelcentrointernacional.com;-74.06822144440747;4.627376023377807
HOTEL ESTELAR LA FONTANA;AC 127 15 A 10;6154400 -  - ;;www.hotelestelar.com;-74.04361828882725;4.705007582292585
VIAGGIO DORMS (URBANO) - INMOBILIRIARIA ROYAL S.A.S.;TV 4 43 95;7449999 -  - ;mercadeo@viaggio.com.co;www.viaggio.com.co;-74.06203979478175;4.630500798684375
VIAGGIO VIRREY - INMOBILIRIARIA ROYAL S.A.S.;KR 18 86 A 36;7449999 -  - ;mercadeo@viaggio.com.co;www.viaggio.com.co;-74.05592922358028;4.672546599980407
HOTEL CASA DANN CARLTON;CL 94 19 71;6338777 -  - ;reservas.casadann@hotelesdann.com - servicioalcliente@hotelesdann.com;www.hotelesdann.com;-74.05409083399991;4.68091466900006
HOTEL DIAMANTE INTERNACIONAL;AC 24 40 70;2699550 -  - ;reservas@hoteldiamanteinternacional.com;www.hoteldiamanteinternacional.com;-74.09324533453963;4.63177376792956
HOTEL EL VIAJERO INN;CL 18 8 57 ;3422136 - 3347656 - ;hotelavis@gmail.com;NA;-74.0732001035702;4.60517207926281
CASA HOTEL LA ESTANCIA;KR 43 A 22 A 07;2686475 - 5700043 - 2685510;reservas@casahotellaestancia.com;www.casahotellaestancia.com;-74.09496346089865;4.631446846539208
HOTEL ARAG�N ""EN SUCESI�N"";KR 3 12 C 13;3425239 - 2848325 - ;hotelaragonbogota@hotmail.es;NA;-74.0701487553075;4.59872386174036
HOTEL SAN PAOLO DI TORINO;KR 9 9 69 ;3415729 - 5600456 - ;hotelciudadreal@hotmail.com;NA;-74.0773048744511;4.59903644493835
HOTEL LIMA;KR 4 16 65;3348334 - 3419533 - 2437935;hotel.lima.bogota@gmail.com;www.hotellima.com;-74.0698426221359;4.60150563635107
HOTEL DORANTES;CL 12 B 5 07;3346640 -  - ;informacion@hoteldorantes.com;www.hoteldorantes.com;-74.0726157003996;4.59883278561329
HOTELES AM�RICA;CL 66 8 23 TORRE A / CL 66 8 34 TORRE B ;2128110 -  - ;reservas@hotelesamerica.com.co;info@hotelesamerica.com.co;-74.05974245447817;4.650799584482759
APARTAMENTOS ESTELAR;CL 127 15 A 10;5769240 -  - ;huesped.lafontana@apartamentosestelar.com;www.hotelesestelar.com;-74.0436598311391;4.70432795435352
APARTA ESTUDIOS ANDINO LTDA.;KR 19 A 102 09;6220678 -  - ;reservas@apartaestudioslosandes.com;www.apartaestudioslosandre.com;-74.05284426897455;4.688048272838496
APARTAMENTOS GALERIAS 51;KR 30 51 34;2550180 - 2550160 - 2553959;galerias51@gmail.com;www.apartamentosgalerias.com;-74.0787872672307;4.64085379992114
HOTEL HELICONIA SUITE;KR 9 7 29;2462027 -  - ;NA;NA;-74.07953926525079;4.595798312572202
HOTEL MONTECARLO COLONIAL;CL 18 8 35;3416114 - 2816103 - ;hotelmontecarlocolonial@hotmail.com;www.hotelmontecarlocolonial.com.co;-74.07314831608;4.605031733695639
HOTEL SUITE DE NORMANDIA;KR 71 A 50 39;2957925 - 2632737 - 3132930628;hotel.s.normandia@hotmail.com;NA;-74.10784055782557;4.667957006992698
ROYAL EMBASSY HOTEL;CL 24 D 43 A 05;2680102 - 5742462 - ;reservasroyalembassy@hotmail.com;NA;-74.09178759531672;4.633693936485527
BLUE SUITES HOTEL;CL 93 17 48;7452222 - 7452223 - ;reservas@bluesuiteshotel.com;www.bluesuiteshotel.com;-74.05374396580963;4.677964463893625
HOSTAL LA CANDELARIA BOGOT�;CL 12 F 2 38;6007559 - 2815724 - 3168880421;info@hostallacandelaria.com;www.hostallacandelaria.com;-74.0681594672768;4.60031366246666
APARTAHOTEL CASABLANCA BOGOT�;CL 55 6 31;2350081 -  - ;apartahotelcasablancabogota@hotmail.com;www.aparthahotelcasablanca.com;-74.06219364315758;4.640937147674982
HOTEL ALPICAT;KR 9 58 07;2350084 -  - ;NA;NA;-74.06315273569203;4.6447134007464665
DESTINO NOMADA HOSTEL;CL 11 00 38;3520932 -  - ;contactus@destinonomada.com;www.destinonomada.com;-74.0700083340735;4.595056004195364
HMG SUITES 108;CL 108 16 05;6370319 -  - ;suites108@hotmail.com;www.suites108.com;-74.0468971086996;4.69249033075416
HOSTAL VILLACANDELARIA;KR 3 12 D 93;2842348 - 3044739457 - ;villa.candelaria@hotmail.com - info@villacandelariahostel.com;www.villacandelariahostel.com;-74.0691014114311;4.60036790999615
CASA HOTEL BOYAC� REAL;KR 15 44 44;4722421 - 2458982 - 32041555082;casahotelboyacareal@hotmail.com;www.hotelboyacareal.com;-74.06860096827424;4.632368372224731
APARTA ESTUDIOS CAMPIN INN;KR 24 61 D 37;2480957 - 2128659 - 2482678;apartaestudioselcampin@gmail.com;www.hotelbogotainn.com;-74.0730675658821;4.64907574419879
USAQU�N ART SUITES;KR 5 117 07;2142029 -  - ;usaquen@104artsuites.com;NA;-74.03013119681566;4.693776199338249
BALMORAL CASA Y HOSTAL;KR 17 A 125 10;5234443 - 5234442 - 6207318;casabalmoral@yahoo.es;www.casabalmoral.com;-74.04564191271687;4.703867696768022
EL MARQUES DE SAN RAFAEL;KR 67 12 A 76;2670138 - 3002571460 - ;dianacruz104@hotmail.com;NA;-74.11798523370115;4.636411370092861
HOLIDAY INN EXPRESS HOTEL;CL 94 11 A 12;6510000 -  - ;reservas@oxohotel.com;www.hiexpress.com;-74.04711917103958;4.677904126956445
HOTEL EJECUTIVO EMBAJADOR - HOTEL EJECUTIVO EMBAJADA I;CL 24 B 44 A 22;3682218 - 2687519 - ;hotel-ejecutivo-embajada@hotmail.com;www.hotelesejecutivobogota.com;-74.09333795493103;4.634714764407492
HOTEL EMPORIUM;KR 33 25 A 04;2680235 -  - ;reservas.hotelemporiumbogota@gmail.com;www.hotelemporiumbogota.com;-74.08546578380785;4.627990315270043
CROWNE PLAZA SUITES TEQUENDAMA BOGOT� (SUITES TEQUENDAMA);KR 10 27 51 INT 150;3813700 - 3820300 - 3822930;reservas@sht.com.co - recepcion.ast@sht.comc.o;www.sht.com.co;-74.0696619581697;4.61450419678762
HOTEL CASA GALERIA;KR 2 12 B 62;3425225 - 3153362999 - ;info@hotelcasagaleria.com;www.hotelcasagaleria.com;-74.0695738725766;4.59799721550179
HOTEL CASA DECO;CL 12 C 2 36;2837032 - 2827640 - 2837262;reservas@hotelcasadeco.com;www.hotelcasadeco.com;-74.0701866468259;4.59865883323241
HOTEL MARRIOT;AC 26 69 B 53;4851111 -  - ;reservas@marriot.com;www.marriott.com;-74.10841189455864;4.6593576073369665
SUITES 109;CL 109 A 17 52;5200602 -  - ;administracion@suites109.com;www.suites109.com;-74.04769349547635;4.694842223334042
ZUETANA MALIBU;CL 119 50 15;7035086 - 8052052 - ;fmunera@zuetana.com;www.zuetana.co;-74.05933489434466;4.701685257116425
APARTAESTUDIOS KAFIR;CL 25 B 36 28;2447143 - 2447143 - ;info@alojamientoenbogota.com;www.alojamientoenbogota.com;-74.08638168589528;4.630837032135081
HOTEL BOGOT� VIRREY;KR 15 87 06;2568826 - 2183949 - ;reservas@hotelbogotavirrey.com;www.hotelbogotavirrey.com;-74.0542073891214;4.67200670691137
HOTEL LAGUNA 24;CL 24 B 44 A 59;2688163 - 5705550 - ;hotellaguna24@yahoo.com;www.hotelescercaalaembajada.com;-74.09381644502831;4.634866283831471
HOTEL MS OCEANIA;KR 13 24 A 48;2842100 -  - ;reservasoceania@hotelesms.com;www.hotelesms.com;-74.0718635301869;4.611908339697563
CITE HOTEL;KR 15 88 10;6467777 -  - ;reservas@citehotel.com;www.citehotel.com;-74.0536637970364;4.67318668311468
CASA AURA MAR�A;KR 39 25 81;3680448 - 3112100803 - ;hotel.casaauramaria@live.com;NA;-74.0888221202486;4.6321943122876625
NICO APARTASUITES;CL 68 4 62;7435348 -  - ;nicoapartamentos@gmail.com  - reservas@hotelesnico.com;www.hotelesnico.com;-74.05542987744751;4.650395380640436
HOTEL CASA  NORMANDIA;KR 71 B 53 35;2632522 - 2952132 - ;reservas@hotelcasanormandia.com;www.hotelcasanormandia.com;-74.1057504425021;4.67065018962195
HOTEL PALERMO PLAZA;KR 19 45 A 28;7512946 - 3406224 - ;hotelpalermoplaza@yahoo.com - - hotelpalermoplaza@hotmail.com;www.hotelpalermoplaza.com;-74.0716920596067;4.63399457292322
HOTEL CASTELLANA INN;CL 94 BIS 49 A 18;2364048 - 6105732 - 2365475;suiteslacastellana@gmail.com;www.hotelbogotainn.com;-74.06236303157206;4.6828680937347675
CASA COLONIAL INN;CL 57 18 26;2490575 - 5486176 - 5486181;casacolonial@hotelbogotainn.com;www.hotelbogotainn.com;-74.0694799757746;4.64485451530405
HOTEL CLASSIC;CL 25 A 38 A 22;5703420 -  - ;contacto@hotelclassic.com.co;www.hotelclasic.com.co;-74.08833526139564;4.632087045710225
HOTEL SPLENDOR;AC 24 40 46;2447890 -  - ;reservas@hotelsplendorbogota.com;www.hotelsplendorbogota.com;-74.09304398512;4.6314740284952025
HOTELES BRISAS DEL OASIS ;CL 66 11 77;5410980 - 4763705 - ;hotelbrisasdeloasis.bogota@gmail.com;www.hotelbrisasdeloasis.com;-74.06258803353154;4.652202467521731
HOTEL SAN NICOLAS BOGOT�;CL 38 29 12;3681075 - 7504209 - ;hotelsannicolasbogota@hotmail.com;www.hotelsannicolasbogota.net;-74.07946995408481;4.626436469712627
MARTINIK HOSTEL;KR 4 11 88;2833180 -  - ;info@hostalmartinik.com;www.hostalmartinik.com;-74.07214170019003;4.597197487868148
A BOGOT� ON HOLIDAYS;CL 51 A 74 20;7575121 - 3213004741 - ;abogotaonholidays@hotmail.com;www.abogotaonholidays.com;-74.11077945592343;4.6725630592308365
HOSTAL COLONIAL LA QUINTA;CL 12 B BIS 1 23;2847696 -  - ;info@hostal-laquinta.com;www.hostal-laquinta.com;-74.0691256489153;4.59704925755555
HOTEL BH PARQUE 93;KR 14 93 A 69;7432820 -  - ;reservasoc@bhhoteles.com;www.bhhoteles.com;-74.05050686639056;4.67817587615182
TIVOLI SUITES;KR 17 109 A 67;6370411 -  - ;reservas@ltyoperadora.com;www.trivolisuites.com;-74.04675660732754;4.694906412527068
APARTAESTUDIOS LA CANDELARIA;CL 10 2 40;2816923 - 2136151 - 3134421805;lacandelaria@gmail.comNA;NA;-74.0716830587822;4.59498579390904
SEBASTIAN INN;KR 33 25 A 38;2680236 -  - ;reservas.hotelemporiumbogota@gmail.com;www.hotelsebastianinn.com;-74.08524949023607;4.628194814859934
HOTEL SANTA BARBARA REAL;CL 127 7 89;6290944 -  - ;reservas@hotelsantabarbara.com;www.hotelsantabarbarareal.com;-74.0294448399835;4.70207559043005
ARLINGTON PLACE S.A.S.;CL 109 19 51;6052500 -  - ;reservas@arlington-place.com;www.apsuites.com;-74.05112554274817;4.6951705661647525
HOTEL 116 AVENUE;CL 116 18 B 60;6578000 -  - ;recepcion@116hotel.com;www.116hotel.com;-74.0491298040767;4.69866120495192
CHAPINORTE VIP;CL 79 14 59 APTO 301;5305558 - 3176406716 - ;chapinortevip@hotmail.com;www.chapinortehostelbogota.com;-74.05760315230691;4.665104245471973
HOTEL CASA SANTA ISABEL;KR 28 1 G 04;4758016 - 3112262889 - ;jdchavarro@hotmail.com;www.apto4rent.com;-74.10107476718;4.59965568852906
BELLE EPOQUE BOUTIQUE 94;CL 94 A 21 42;7428600 -  - ;reservas@belleepoque94.com;www.belleepoque94.com;-74.05583700931402;4.682451016010942
HOSTAL LA PINTA;CL 65 5 67;2119526 - 7044323 - ;lapintagrg@hotmail.com - laninagrg@gmail.com;www.lapinta.com.co - www.lanina.com.co;-74.05856999256534;4.648584503557882
HOTEL JW MARRIOTT BOGOT�;CL 73 8 60;4816000 - 4800888 - ;;www.jwmarriott.com;-74.05593175437758;4.657114387464086
AR HOTEL SALITRE SUITES & SPA CENTRO DE CONVENCIONES;AK 60 22 99;7477333 - 7436700 - ;reservas@hotelesar.com;www.hotelesar.com;-74.10664579592991;4.643629236690444
WONDERFULL HOUSE 100;KR 63 98 66;6248211 - 2740325 - ;contacto100@apartahoteleswh.com;www.apartahoteleswh.com;-74.06826990328564;4.688173491178751
HOTEL AVIA 93;CL 93 11 A 34;7051555 -  - ;sandra.sepulveda@ghlhoteles.com;www.ghlhoteles.com;-74.0486584210457;4.67492230617547
POSADAS HOUSE;KR 39 A 25 25;5745172 - 2687230 - 3202409920;reservas@posadashouse.com - posadashouse@hotmail.com;www.posadashouse.com - www.posadashouse-casahotel.com;-74.08917656161563;4.632620068861179
CLUB HOUSE BOGOT�;CL 112 13 A 45;7450202 - 7450245 - ;reservas@chbogota.com;www.chbogota.com;-74.0415493772768;4.69369920229146
HOTEL PLAZA 36;KR 16 36 55;2858313 - 2878305 - 3156828684;reservashotelplaza36@hotmail.com;www.hotelplaza36.org;-74.07114981584132;4.62565395122275
CASA REGIS;KR 12 119 26;2159157 - 3133400035 - ;casaregis119@gmail.com;www.casaregis.com;-74.03893932601815;4.699045803117022
HOTEL BOUTIQUE CITY CENTER;KR 39 25 26;7459940 -  - ;reservas@hotelboutiquecitycenter.com;NA;-74.08912180089455;4.631622202772094
HOTEL GALERIA REAL;AK 30 51 80;2483800 - 3005724660 - ;hotelgaleriareal@gmail.com;www.hotelesreal.com;-74.07864287618904;4.641320496077743
ABITARE 56 HOTEL;CL 56 7 79;2480600 -  - ;gerencia@abitare56.com;www.abitare56.com;-74.06303740572918;4.642028483603027
HOTEL IBIS BOGOT� MUSEO;TV 6 27 85;3814666 -  - ;h7318-re@accor.com;www.ibishotel.com;-74.068845544239;4.61495509780309
CASA BELLAVISTA HOSTEL;KR 2 12 B 31;3341230 -  - ;info@bellavistahostel.co;www.bellavistahostel.co;-74.0696780654937;4.59773343755988
JAZZ APARTMENTS;CL 87 15 35;4075000 -  - ;recepcion@jazzapartments.com - reservas@jazzapartments.com;www.jazzapartments.com;-74.0545618881935;4.672470532734632
LLOYD�S APARTASUITES;KR 11 94 71;6055757 -  - ;reservas@lloydsapartasuites.com;www.lloydsapartasuites.com;-74.0459946491153;4.67780982730717
HOTEL CABRERA IMPERIAL;CL 83 9 64;7560356 -  - ;reservas@ltyoperadora;www.hotelcabrerabogota.com;-74.05077244636674;4.666031692401714
HOTEL MATISSE;CL 67 6 55;2120177 -  - ;ventas@matissehotel.com;www.matissehotel.com;-74.05801754130086;4.650340475116213
VIAGGIO NUEVE TRES - INMOBILIRIARIA ROYAL S.A.S.;KR 18 93 A 60;7449999 -  - ;mercadeo@viaggio.com.co;www.viaggio.com.co;-74.0532025017311;4.679205090138149
HOTEL BH TEMPO - HOTEL 65 TEMPO;KR 7 65 01;7424095 -  - ;recepciontenpo@bhhoteles.com;www.bhhoteles.com;-74.0591853049506;4.64935853611138
TROPIC TOURIST;KR 21 A 159 A 28;6721365 - 6728840 - ;rucamega@hotmail.com;www.fontanarprado.com;-74.0463185694591;4.740252140488059
ALICANTE HOTEL BOGOT�;KR 18 58 B 35;2554297 - 5478810 - ;alicantehotel@sbhoteles.co;www.sbhoteles.co;-74.06901524716808;4.646750843332091
HOTEL VIENES;CL 58 BIS 9 19;2490174 -  - ;hotelvienes@hotmail.com;NA;-74.06342249125613;4.644411419965981
HOTEL MASTER CALLE 68;CL 68 15 48;7440909 -  - ;reservas@hotelesinnova.com;www.hotelesinnova.com;-74.0649850030835;4.65604318148915
HOSTAL CASA QUEVEDO;KR 1 A 12 B 30;2812526 -  - ;hostalcasaquevedo@gmail.com;www.casaquevedo.com;-74.0691347209401;4.59780415206824
HOSTAL AVENTUREROS DE LA CANDELARIA;KR 3 12 C 82;3412711 -  - ;infoaventureros@hostalaventuras.com;NA;-74.0697820317287;4.59922895455996
HOTEL SAN JOS� BAVARIA 2;CL 12 71 D 38;4126015 - 2925026 - ;hotelsanjosebavaria@hotmail.com;NA;-74.1305163201598;4.64312515807219
A BOGOT��ON HILIDAYS II;CL 51 A 74 20;7575121 - 3213004741 - ;abogotaonholidays@hotmail.com;www.abogotaonholidays.com;-74.11077945592343;4.6725630592308365
CASA HOTEL DONDE �LVARO;KR 15 35 21;2453472 - 3205228 - ;casahotel35@gmail.com;NA;-74.07040342482938;4.624222394729789
HOTEL CORFERIA INN;CL 24 D 40 76;2446829 - 2446834 - 2446863;reservas@corferiasinn.com;NA;-74.0911822722588;4.633303380117718
HOTEL REAL PLAZA IN;CL 22 43 A 12;2696478 - 3350935 - ;hotelrealplaza-in@hotmail.com;www.hotelrealplazainbogota.com;-74.0961138580658;4.6308374379133
CHOCOLATE HOSTEL;CL 12 F 2 43;2811576 - 3413104 - 3142188976;info@chocolatehostel.com;www.chocolatehostel.com;-74.0684103964748;4.60003239743178
HOTEL ESMERALDA REAL;KR 40 22 B 17;4789070 -  - ;hotelesmeraldareal@gmail.com;NA;-74.0932329947033;4.63069679153757
CASA HOTEL ELITE DEL PARQUE;AC 53 66 A 59;3242180 - 5745347 - ;reservas@casahotelelitedelparque.com;www.casahotelelitedelparque.com;-74.09832289317265;4.655261501584002
HOTEL SUITES LA SOLEDAD INN;KR 20 40 64;2883961 - 2322458 - 2322465;soledad@hotelbogotainn.com;www.hotelbogotainn.com;-74.07289303985085;4.630896769645538
HOTEL CALLE 112;CL 112 14 B 47;2143550 -  - ;info@hotelcalle112.com;www.hotelcalle112.com;-74.0434058055338;4.694219974843071
HOTEL FENIX REAL;KR 19 71 A 30;2491260 - 4763231 - ;comercialfenixreal@hotmail.com;www.hotelfenixreal.com;-74.06407800916085;4.660357594233681
SAYTA HOSTAL;CL 12 B 00 57;2815314 - 2810387 - ;info@saytahostal.com;www.saytahostal.com;-74.06916241899995;4.59654652200004
LA VIEJA SUIZA;CL 12 C 3 07;2869695 -  - ;laviejasuiza@gmail.com;www.laviejasuiza.com;-74.0702686497592;4.59860306111644
NH PARQUE 93;CL 93 12 41;5897744 -  - ;nhbogota93@nh-hotels.com;www.nh-hotels.com;-74.0493672783991;4.675014440538937
HOTEL PAVILLON ROYAL I;CL 94 11 45;6502555 -  - ;arodriguez@pavillonroyal.com.co;www.hotelesroyal.com;-74.04684151485496;4.677129111359269
HOTEL SHERATON ;CL 58 BIS 9 24;2550284 - 2496322 - ;NA;NA;-74.06323250883699;4.644801312129032
REGENCY SUITES HOTEL BOUTIQUE;KR 43 22 A 30;7433441 -  - ;jhurtado@regencyhotelboutique.co;www.regencysuites.com.co;-74.09438586644595;4.630905546433489
LOS ANDES B&B;KR 13 A 79 07;4829554 - 3117474216 - ;info@losandeshostel.com - losandeshostel@hotmail.com;www.losandeshostel.com;-74.05649294958162;4.665234272169592
WINDSOR CASTEL;CL 10 25 A 37;4737508 -  - ;yamolo12@gmail.com;NA;-74.0914093748224;4.60740124530197
HOTEL BULEVAR PLAZA;AK 40 22 79;2687519 - 5703590 - ;hotel_bulevarplaza@hotmail.com;www.hotelesejecutivobogota.com;-74.0944701780378;4.62985683639122
HOTEL QUINTA REAL D.C.;KR 40 24 D 23;3795960 - 2683711 - ;reservas@quintarealdc.com;www.quintarealdc.com;-74.0905743551661;4.63250347131229
HOTEL HOLIDAY INN BOGOT� AIRPORT;AC 26 69 D 91;4044141 -  - ;reservas.holidayinn@metro-op.com;www.holidayinn.com;-74.10988802624703;4.661592100352675
EXPO SUITE PARQUE CENTRAL BAVAR�A;KR 13 A 32 A 39;2884260 -  - ;expohotel@grupotasaca.com;www.expohotel.com.co;-74.06924644237449;4.620369610287044
SONESTA HOTEL BOGOT� - COMPLEJO HOTELERO METRO 127;KR 15 A 125 26;6585500 -  - ;patricia.ramirez@ghlhoteles.com;www.ghlhoteles.com;-74.0435542266288;4.70359598151851
ALOFT BOGOT� AIRPORT HOTEL;AC 26 92 32;7427070 -  - ;reservas.bogota@alofthotels.com;alofthotels.com/bogotaairport;-74.1198479073137;4.684044618046653
APARTAMENTOS ESTELAR AEROPUERTO;CL 25 B 40 67;5977788 -  - ;reservas@hotelesestelar.com;www.hotelesestelar.com;-74.09026616889956;4.633495460534149
GRUPO CASA REAL 93;CL 93 A 9 A 53;5304884 -  - ;info@casareal.com;www.casareal.com.co;-74.0459133250121;4.674784175899692
HOTEL PESTANA BOGOT� 100 - HOTEL CALLE 100 BOGOT�;CL 100 14 26;3847100 -  - ;NA;www.pestana.com;-74.0472882171567;4.68486124577011
HOTEL CLUB EL NOGAL;KR 5 78 75;3267700 - 3267700 - ;alojamiento@clubelnogal.com;www.clubelnogal.com;-74.0507162202016;4.6591440790811
FONTANAR PRADO;CL 129 A 45 35;6251433 - 3006121489 - ;fontanarprado129@hotmail.com - reservas@fontanarprado.com;www.fontanarprado.com;-74.05314780724024;4.715936125607056
NIZA NORTE APARTAHOTELES S.A.S.;CL 127 71 25;7512626 - 5106911 - 3162679817;reservas@nizanorte.com;www.nizanorte.com;-74.0766017789532;4.71014921211833
HOTEL PAVILLON ROYAL II;CL 94 11 45;6502555 -  - ;arodriguez@pavillonroyal.com.co;www.hotelesroyal.com;-74.04684151485496;4.677129111359269
HOTEL AIRPORT TRAVEL;KR 71 B 49  A 52;2634844 - 3213003819 - 3212082775;reservas@hotelesairporttravel.com;www.hotelesairporttravel.com;-74.10838277597608;4.667709628377771
JULIETTE MAISON;KR 3 A 58 52;3450055 - 2112544 - ;juliettereservas@gmail.com - - areatek@yahoo.com;www.julietteapartasuites.com;-74.05903142134103;4.64291660107257
HOTEL PUERTO LLERAS;KR 21 13 A 05;2371176 - 3107716665 - ;NA;NA;-74.08597921592172;4.609755540687649
HOTEL MUISCA;CL 10 0 25 29 ESTE;2810644 - 2820152 - ;reservas@hotelmuisca.com;www.hotelmuisca.com;-74.0703760329541;4.59383182766352
HOTEL PARQUE NORMANDIA;CL 52 A 73 A 42;4714906 - 3142366499 - 2632752;hotelparquenormandia@hotmail.com;www.hotelparquedenormandia.com;-74.10975296150964;4.673118614547214
BEST WESTERN PLUS 93 PARK;CL 93 13 71;6051444 - 6051414 - ;reservas@bestwestern93.com;www.hotelbestwestern93.com;-74.05072169093113;4.675781474409588
HOSPEDAJE LA GRAN COLOMBIA;KR 13 48 15;2857341 - 3143205804 - ;NA;NA;-74.0659751670638;4.63542799547851
IMPERIAL HOUSE HOTEL;CL 24 A 44 09;2690133 - 3112201517 - 3115607989;reservas@hotelimperialhouse.com;www.hotelimperialhouse.com;-74.0940687406065;4.6333616809188545
APARTAHOTEL 122 PLAZA;KR 15 A 122 27;7569170 - 7569175 - ;admon122plaza@gmail.com;www.122plaza.com;-74.0439682322521;4.701242324016558
HOTEL RADEL BOGOT�;CL 24 A 44 A 57;3408392 - 4753120 - ;hotelradelbogota@hotmail.com;www.hotelradelbogota.com;-74.09468967271486;4.634289995773956
HOTEL TRAVEL EMPRESARIAL;CL 18 96 H 35;4151473 - 4825377 - 3143588970;hoteltravelempresarial@hotmail.com;NA;-74.14244774986868;4.671143089863615
CANDELOS HOTEL;KR 3 12C 94;2865313 -  - ;candeloshostel@gmail.com;www.candeloshostel.com;-74.0697268836085;4.59932180283163
CASA HOTEL EXPO INN;CL 24 B 44 A 44;4701498 -  - ;hotelexpoinn@hotmail.com;NA;-74.09347153038146;4.634919316853204
HOTEL OLYMPUS;CL 59 35 A 68;2219020 - 8065737 - 3142882175;hotelolympusoficial@gmail.com;www.olympushoteloficial.com;-74.08061638638435;4.650079713169748
LA CASATEIVZAQUILLOREAL;CL 33 A 21 06;2321823 -  - ;casateivzaquilloreal@kolpingcolombia.com;www.kolpingcolombia.com;-74.0753359061368;4.623263572199826
HOTEL BOGOT� ASTRAL;CL 44 7 93;7442122 - 3106206865 - ;hotel.bogota.astral@gmail.com;www.hotelbogotaastral.com;-74.06531593982125;4.63096144750056
HOTEL ALBARRIL LA CASA DE LA PASTA;KR 19 33 31;5603308 -  - ;lacasadelapasta@colombia.com;www.lacasadelapasta.com.co;-74.0740354213448;4.62228583794283
BE HOTELES FERIA EXPOSICI�N;CL 25 38 08;7441286 - 7441287 - 3175009724;johanna.parra@behoteles.com.co;www.behoteles.comc.o;-74.08885249866594;4.631079125701988
APARTSUITES CK;KR 21 39 A 36;4781092 - 5109257 - ;reservas@apartasuitesck.com;www.apartasuitesck.com;-74.0739434250083;4.628929648006471
LA NI�A;CL 66 4 A 07;7044323 - 2101463 - ;info@lanina.com.co;www.lanina.com.co;-74.05675145131538;4.648707947591894
HOTEL HILTON BOGOT�;KR 7 72 41;6006100 -  - ;NA;www.hiltonbogota.com;-74.05548339085784;4.655792390882971
HOTEL CONFORT BOGOT�;KR 70 C 48 A 51;2635441 - 4161329 - 3125856129;hotelconfortbogota@gmail.com;www.hotelconfortbogota.co;-74.10818776502562;4.665496227317594
CASA HOTEL INTERNACIONAL;KR 42 24 A 10;2699609 - 3134126714 - 3143339465;casahotelinternacional@gmail.com;www.casahotelinternacional.com;-74.09248340640272;4.631589220297112
HOTEL LEMUS PLAZA;KR 36 25 B 78;8101073 - 3214747020 - ;reservaslemus@gmail.com;www.hotellemusplaza.com;-74.08561502420037;4.630763898515301
CENTRAL HOUSE HOTEL;KR 39 25 A 55;5706152 - 4602824 - ;reservas@hotelcentralhousebogota.com;www.hotelcentralhousebogota.com;-74.08831199106304;4.632669520702873
HOTEL TOCAREMA FONTIBON;DG 16 A 96 G 07;4182349 - 3163309904 - ;dcamortegui@gmail.com;NA;-74.146060105926;4.66638777873978
HOTEL BOUTIQUE DE LA FERIA;CL 24 D 40 49;5705888 - 3124175266 - ;hotelboutiquedelaferia@gmail.com;NA;-74.09113342399195;4.632648394484542
HOTEL URBAN ROYAL CALLE 93 B;CL 93 B 18 42;6380808 -  - ;recepcionub@urbanroyal93.com;www.hotelroyal.com;-74.05349670969986;4.680193431540203
BUSSINES HOTEL;KR 102 17 A 64;2670786 - 4134380 - ;bussineshotel@gmail.com;www.hotelesfontibon.com;-74.14535932701662;4.674260905060468
LA PLAYA HOSTEL;AK 19 33 04;2321532 - 7031102 - ;enjoy@laplayyahostel.com;www.laplayahostel.com;-74.07382445962904;4.622115790646272
HOSTAL EL PLAZA;KR 6 26 B 61;2822526 -  - ;hostalelplaza@hotmail.com;NA;-74.0691205160393;4.61301953670404
EXPLORA HOSTELS ;CL 12 C 3 19;2829220 - 3164668840 - ;staff@explorahostels.com;www.explorahostels.com;-74.0703603583299;4.59866276984045
MASAYA COLOMBIA;KR  2 12 48 ;7471848 - 7471815 - 3106092782;info@masaya-experience.com;www.masaya-experience.com;-74.06992101563837;4.5966326130276896
CASA GUADALUPE;CL 12 B BIS 1 31;3134397575 - 2829667 - 3144095622;hotelcasaguadalupe@gmail.com;www.hotelcasaguadalupe.com;-74.0691886270232;4.59708195314818
SUITES PARKWAY INN - HOTEL PARK WAY INN;CL 39A 24 26;2448306 - 2444110 - ;hotelparkwayinn@live.com;www.hotelbogotainn.com;-74.07568802985581;4.629417360034338
LAFONT PARK HOTEL;KR 98 17 34;2672119 - 5451046 - ;lafontparkhotel@gmail.com;www.hotelesfontibon.com;-74.14425695645207;4.671549893915157
HOTEL BOGOT� EXPOCONFORT;CL 25 40 17;4770066 - 3134598182 - ;reservas@hotelbogotaexpo.com;NA;-74.0903982648131;4.6326841605557
APARTAMENTOS ADRIANA;CL 22 B 40 52;4743149 - 3004867744 - 3003248322;apartamentosadrianabogota@gmail.com;www.apartamentosadriana.com;-74.0935001127268;4.63087767807178
ANTIQUE 65 HOTEL DECORACI�N;CL 65 5 50;4660219 - 4660204 - ;reservas@hotelantique65.com;www.hotelantique65.com;-74.05834920316066;4.648927323906344
CASA QUINTA HOTEL;KR 43 A 24 A 75;3377531 - 3005724660 - ;casa.quinta.hotel@gmail.com;NA;-74.09250083119431;4.633205402888764
HOTEL COLONIAL FONTIB�N;KR 96 C 17 30;2678991 - 3204179148 - ;hotelcolonial1@hotmail.com;NA;-74.14178840368754;4.668104245574712
HOTEL ESTELAR PARQUE DE LA 93;CL 93 11 19;5111555 -  - ;reservas.bogotanorte3@hotelesestelar.com;www.hotelesestelar.com;-74.04811584863917;4.674315983414422
B.O.G. HOTEL;KR 11 86 74;6399999 -  - ;reservasboghotel@oxohotel.com;www.oxohotel.com;-74.0503476092718;4.66925396561047
HOTEL AMBAR;KR 8 17 86;7443033 - 7443034 - 7443035;inversionesilb@hotmail.com - reservas@ambarhotel.com;www.ambarhotel.com;-74.0727965834388;4.60472606125816
HOTEL B3 VIRREY / UNIKA HOTELS CORP COLOMBIA;KR 15 88 36;5934490 -  - ;info@hotelesb3.com;www.hotelesb3.com;-74.0535554823584;4.67339300996554
LIMA LIM�N CANDELARIA HOSTAL ;KR 1 12 B 15 ;2811260 - 3105596949 - ;info@limalimohostels.com;www.limalimonhostels.com;-74.0689060542257;4.59712438025606
DIPLOMAT EMBAJADA;AC 24 51 40;4893030 - 4893000 - ;reservas@hotelesdiplomat.com;www.hotelesdiplomat.com;-74.09795045192799;4.63924750750438
SPLENDOR APARTAHOTEL;CL 22 B 43 A 32;2447890 - 2686576 - ;reservarapartahotelsplendor@gmail.com;www.hotelsplendorbogota.com;-74.094259676827;4.6321895850821315
SANTA BARBARA CASA HOTEL;CL 63 C 69J 20;8017722 - 3185722339 - 3208665222;casahotelsantabarbara@hotmail.com;www.casahotelsantabarbara.com;-74.09834908879989;4.671798970167649
HOTEL EJECUTIVO AVENIDA LA ESPERANZA;AC 24 47 A 23;3690420 - 2694630 - ;hotel_ejecutivoav.laesperanza@hotmail.com;www.hotelesejecutivobogota.com;-74.0963410982427;4.6360680626587
HOTEL DORADO PLAZA BOGOT�;CL 25 31 A 15;3409840 - 3409841 - ;reservas@hoteldoradoplazabogota.com;www.hoteldoradoplazabogota.com;-74.084774021739;4.625758830603878
COSMOS INSIGNIA HOTEL;KR 11 B 96 59;6506900 -  - ;reservas@hotelescosmos.com;www.cosmosinsigniahotel.com;-74.04632221583672;4.680584753180011
HOTEL SION SANTAF�;KR 16 A 61 A 43;2355581 - 2557375 - 3015885919;hotelsionsantafe@hotmail.com;NA;-74.06737508011302;4.649672790095899
HOTEL MOVICH CHICO 97;KR 11B 97 03;5190299 -  - ;reservas@movich.com;www.movichhoteles.com;-74.04615648354847;4.680892568396941
HOTEL EMBAJADA REAL;KR 44 22 A 69;2440770 - 3202834923 - ;hotelembajadareal@gmail.com;www.hoteles real.co;-74.09512994710789;4.632638212620519
HOTEL NUEVO PUERTO L�PEZ;KR 102 17 A 69;5442435 -  - ;cegar99@hotmail.com;NA;-74.1455552943664;4.67449344393727
HOTEL SANTIAGO PLAZA;CL 24 C 43 10;2699786 -  - ;hotelsantiagoplazabogota@hotmail.com;NA;-74.09165203401432;4.633077793662974
HOSPEDAJE SUPER REAL;KR 102 18 A 17;2678956 -  - ;hotelsuperreal@hotmail.com;NA;-74.14488881118801;4.675199994315304
CELESTIAL INN HOTEL;KR 16 17 12 SUR;3660640 - 3660645 - 3660641;contactos@celestialinnhotel.com;www.celestialinnhotel.com;-74.0995008478043;4.58407917728875
HOTEL MORRISON 114;AV 19 114 06;3788311 -  - ;olga.triana@hotelesmorrison.com;www.hotelesmorrison.com;-74.0500659424764;4.69689820353004
HOSTAL CASIQUE SUGAMUXI CASU;CL 12 D BIS 2 19 SEGUNDO PISO;3374326 -  - ;info@casiquesugamuxi.com - casiquesugamuxi@yahoo.es;www.casiquesugamuxi.com;-74.0693458828787;4.59963725857642
KOZII HOSTEL S.A.S.;KR 10  A 67 66;6045587 -  - ;koziidc@koziihostels.com;www.koziihostels.com;-74.06045335508458;4.653151726782156
RAMADA BOGOT� PARQUE 93 - RAMADA BLUE;CL 95 13 35 TORRE 4;4894381 - 3158879973 - ;ramadabluereservas@gmail.com;www.ramadabogota.com;-74.0482416133695;4.679814304633476
CASA ANFITRIONA SAN FELIPE;KR 22 BIS 74 A 07;7498107 - 2481827 - ;servicios.inmobiliarios.sas@hotmail.com;NA;-74.06468650224555;4.664684238780006
MIRADOR DEL RECUERDO;KR 39 A 25 50;7433460 -  - ;miradordelrecuerdo@hotmail.com;www.miradordelrecuerdo.com;-74.08879613019842;4.632483257553902
HOTEL LA ESTACI�N CORFERIAS;KR 40 22 05;7495900 - 7495899 - ;info@laestacionhotel.com;www.laestacionhotel.com;-74.0949522959039;4.6291113410369
HOTEL BH BICENTENARIO;KR 4 16 03;7470744 -  - ;recepcion.bicentenario@bhhoteles.com;www.bhhoteles.com;-74.07004524919179;4.601226591441208
HOTEL MOVICH CITY BUSINESS;TV 23 98 27;5190299 -  - ;reservas@movich.com;www.movichhoteles.com;-74.05641582026408;4.685923027251958
HOSTAL BAKANO;CL 12 F 2 86 ;2816231 -  - ;hostalbakano@gmail.com;www.hostalbakano.wix.com/hostalbakano;-74.0687418929499;4.60023065895824
HOTEL EL LAGO INN;CL 79 16 A 21;5304671 - 5304672 - 2570042;hotellagoinn@gmail.com;www.hotelbogotainn.com;-74.05910393912353;4.665901147098836
HOTEL ECOFERIA BOUTIQUE;AC 24 43 A 23;7550981 - 2696230 - ;hotel_ecoferia@hotmail.com;www.hotelesejecutivobogota.com;-74.0939453747019;4.63226743667029
HOTEL SUNA BACATA;KR 33 A 31 17;2317929 - 3108599575 - 2442872;;www.sunabacata.com;-74.08062526098256;4.632813504639305
TIP TOP HOSTEL;KR 1 BIS 12 D 78;2821928 -  - ;tiptophostal@gmail.com;www.tiptophostels.com;-74.0680172510874;4.59916453712209
TIP TOP BACKPACKERS;KR 1 12 B 81;3342639 -  - ;tiptophostal@gmail.com;www.tiptophostels.com;-74.068786287743;4.59734259798662
THE ORCHIDS HOTEL;KR 5 10 55;7455438 - 3208382883 - ;reservations@theorchidshotel.com;www.theorchids.com;-74.0738941856811;4.59670740853456
HOTEL BOGOT� REAL D.C.;KR 13 22 24;2439192 - 3415941 - ;hotelbogotarealdc@outlook.com;http://hotelbogotarealdc.wix.com/hotelbogotarealdc#!company/c2414;-74.0734278866503;4.609895538273825
CASONA D USAQU�N HOTEL BOUTIQUE;CL 117 6 27;4686626 -  - ;casonadeusaquen@gmail.com;www.casonadeusaquen.com;-74.031403151845;4.693988603842635
HOTEL LA ESTANCIA;KR 111 A 16 J 28;4182371 -  - ;faletm@hotmail.com;NA;-74.15195705185565;4.679351274688911
HARRINGTON 63 HOTEL;KR 36 A 59 22;2228675 - 2228672 - 3132740755;harrington63hotel@gmail.com;NA;-74.08074170545805;4.650213896819167
CASA GAIT�N CORT�S;CL 69 4 97;2488081 - 7452871 - ;info@casagaitancortes.com;www.casagaitancortes.com;-74.05554632040617;4.650756315539785
HOTEL SO�ADOR;CL 12 80 D 03;4246357 -  - ;hotelsonador1@hotmail.com;NA;-74.1387493207236;4.65040529776925
HOTEL HOSPEDARTE SHALOM;KR 80 B 24 D 45;4102696 -  - ;hospedarte2013@gmail.com;NA;-74.11869525477039;4.668780739195791
ZOHAR HOSTEL;KR 4 09 80;2840173 - 3173943650 - ;zoharhostel@yahoo.com;www.hostelzoharbogota.com;-74.07325355686133;4.595435664468917
HOTEL TORRE CENTRAL LAS NIEVES;KR 10 17 23 ;3410876 -  - ;hoteltorrecentral.ln@gmail.com;NA;-74.0748884365146;4.60547927029622
HOTEL ESTELAR CALLE 100;AC 100 14 46;5921111 -  - ;reservas@hotelesestelar.com;www.hotelerestelar.com;-74.04699327075082;4.684883489251951
NABUSIMAKE HOTEL;CL 22 F 82 24;5472326 - 5479822 - ;nabusimakehostel@gmail.com;www.nabusimakehotel.amawebs.com;-74.12651354672971;4.666214163255592
VLVCAHO - ULUCAHOSAS;KR 3 12 B 88 ;2819251 -  - ;vlvcaho@hotmail.com;NA;-74.0703346663764;4.59832798386162
HOTEL BIOUXURY;CL 83 9 48;7442800 -  - ;denisse.rios@ghlhoteles.com;NA;-74.050511457286;4.66557774642402
HOTEL CONFORT 80 LA CASTELLANA;CL 95 45 A 35;6235919 -  - ;castellana@hotelesconfort80.com;www.hotelesconfort80.com;-74.05907769270787;4.683608847132675
APARTAHOTEL TORRE BLANCA;KR 17 52 60;2487870 - 3133933694 - 4801309;torreblancaapartahotel@hotmail.com;www.apartamentosamobladostorreblanca.com;-74.06914880452274;4.640452158676166
CASA QUINTA HOTEL BOUTIQUE;KR 4 17 59;3376500 - 3375721 - ;info@casaquintahotel.com;www.casaquintahotel.com;-74.0694506155227;4.60226923804355
HOTEL DALON�S COLONIAL;KR 17 31 65;3404522 - 3123550504 - ;hoteldarlonscolonial@hotmail.com;www.hoteldalonscolonial.com;-74.07294650559975;4.620474749858154
HOSPEDAJE ZARAGOZA;AV JIMENEZ 4 56;2845411 - 3166978000 - ;fardycito@hotmail.com;NA;-74.0704999439768;4.60092055748899
VIAGGIO 6.1.7. - INMOBILIRIARIA ROYAL S.A.S.;CL 61 7 18;7449999 -  - ;mercadeo@viaggio.com.co - reservas@viaggio.com.co;www.viaggio.com.co;-74.06091346838278;4.646525365916195
HOTEL 51;KR 7 51 A 14;2114910 - 7437808 - ;inmonautos2000@yahoo.com;www.apthotel51.com;-74.0631465425246;4.63800963914835
HOTEL ARISTON�S;KR 36 25 22;8057418 - 8057416 - ;reservas@hotelaristons.com;www.hotelaristons.com;-74.08758147765855;4.629439468316142
HOTEL FIDENZI;CL 23 A 36 A 10;7028484 - 3683314 - 3188658373;gerencia@hotelfindenzi.com;www.hotelfidenzi.com;-74.0913225425203;4.62720929743274
MADELEINE SUITE;KR 43 B 22 A 70;3350741 -  - ;gerenciamadeleine@gmail.com;NA;-74.09467260076401;4.6319430806473285
DORADO SUITE;CL 38 29 40;3680192 -  - ;hoteldoradosuite@yahoo.es;www.hoteldoradosuite.tk;-74.07978730789326;4.626501830497649
HOTEL BOGOTA CITY;CL 24 A 43 13;2691099 - 2691092 - ;reservashotelbogotacity@gmail.com;www.hotelbogotacity.com;-74.09323154785541;4.632116597629535
103 WONDERFULL HOUSE;KR 64 103 C 16;7435753 - 3204278356 - ;contacto103@apartahoteleswh.com;www.apartahoteleswh.com;-74.06712134049282;4.691740416388021
CASA DEL VALLE HOTEL;KR 18 124 50;5204225 - 2145018 - ;reservas@casadelvallehotel.com;www.casadelvallehotel.com;-74.04645274625605;4.703688330982587
PRISMA SUITE CHICO 94;TV 23 94 26;7437818 - 7437817 - ;NA;www.primashoteles.com;-74.05665542520765;4.681914114690997
HOTEL ANDINO INN;CL 23 9 26;2842833 - 3187357450 - ;NA;NA;-74.07154717495607;4.609772805849819
HOTEL BAVIERA S.A.;CL 32 13 32;3203564 - 3203847 - 3203710;reservas@hotelbaviera.com.co;www.hotelbaviera.com.co;-74.0691467225624;4.619815371629834